"country","iso","year","incumbent_vote","previous_vote","gdp_growth","trade_openness","eff_num_parties","gdp_percapita","delta_vote","int_oppose","int_support","binary_growth","binary_openness"
"Angola","AGO",1992,49.6,NA,6.03611,1.05617,0.895226,7.59018,NA,0,0,1,1
"Albania","ALB",1991,56.2,NA,-12.662,0.232199,0.676754,8.08043,NA,1,0,0,0
"Albania","ALB",1992,23.7,56.2,-27.5914,0.118003,0.667829,7.75758,-32.5,1,0,0,0
"Albania","ALB",1996,55.5,57.3,11.382,0.290901,0.267076,8.00166,-1.8,0,0,1,0
"Albania","ALB",1997,24.1,55.5,-4.78847,0.289634,0.727549,8.03149,-31.4,0,0,0,0
"Argentina","ARG",1946,53.7,NA,-4.865,0.067745,0.737164,8.70506,NA,1,0,0,0
"Argentina","ARG",1951,63.5,53.7,3.91565,0.163478,0.672944,8.60883,9.8,0,0,1,0
"Argentina","ARG",1958,31.7,32.3,2.84602,0.151696,0.97456,8.64621,-0.599999999999998,0,0,1,0
"Argentina","ARG",1963,NA,NA,-5.30438,0.162277,1.36098,8.66208,NA,0,0,0,0
"Argentina","ARG",1973,14.8,NA,0.000699,0.131417,1.14125,8.96485,NA,0,0,0,0
"Argentina","ARG",1983,39.1,NA,2.2336,0.173324,0.832909,8.95857,NA,0,0,1,0
"Argentina","ARG",1989,32.5,48.8,-2.03262,0.1882,1.06815,8.92717,-16.3,0,0,0,0
"Argentina","ARG",1995,49.9,47.5,4.17903,0.328077,1.0116,9.04879,2.4,0,0,1,0
"Argentina","ARG",1999,38.7,49.9,-3.70923,0.41613,0.940007,9.11104,-11.2,0,0,0,1
"Armenia","ARM",1996,51.3,NA,5.81146,0.595037,0.832909,7.61535,NA,0,0,1,1
"Armenia","ARM",1998,38.5,51.3,0.50455,0.629816,1.29198,7.62038,-12.8,0,0,0,1
"Australia","AUS",1946,49.7,49.9,-4.655,0.246635,0.874447,9.11976,-0.199999999999996,0,0,0,0
"Australia","AUS",1949,46,49.7,3.86558,0.461404,0.963174,9.21264,-3.7,0,0,1,1
"Australia","AUS",1951,50.3,50.3,2.4152,0.155179,0.940007,9.47523,0,0,0,1,0
"Australia","AUS",1954,47.1,50.3,11.3831,0.146462,0.936486,9.46922,-3.2,0,0,1,0
"Australia","AUS",1955,47.6,47.1,1.68014,0.145427,0.947789,9.55501,0.5,0,0,0,0
"Australia","AUS",1958,46.6,47.6,5.90076,0.140156,0.951086,9.57548,-1,0,0,1,0
"Australia","AUS",1961,42.1,46.6,-2.86919,0.158463,0.922965,9.60034,-4.5,0,0,0,0
"Australia","AUS",1963,46,42.1,4.96501,0.167667,0.976806,9.69629,3.9,0,0,1,0
"Australia","AUS",1966,50,46,4.57701,0.168117,0.966984,9.79969,4,0,0,1,0
"Australia","AUS",1969,43.3,50,4.37084,0.177654,0.957613,9.92087,-6.7,0,0,1,0
"Australia","AUS",1972,41.5,43.3,-0.2337,0.177915,0.9031,9.94514,-1.8,0,0,0,0
"Australia","AUS",1974,49.3,49.6,2.63013,0.185882,0.92479,9.9711,-0.300000000000004,0,0,1,0
"Australia","AUS",1975,42.8,49.3,1.55947,0.209706,0.918688,9.87843,-6.5,0,0,0,0
"Australia","AUS",1977,48.1,53,0.91959,0.211283,0.896088,9.91879,-4.9,0,0,0,0
"Australia","AUS",1980,46.4,48.1,2.45864,0.213559,0.971044,9.99444,-1.7,0,0,1,0
"Australia","AUS",1983,43.6,46.4,-2.75937,0.212444,0.802535,9.98886,-2.8,0,0,0,0
"Australia","AUS",1984,47.5,49.5,3.47079,0.241038,0.868452,10.0541,-2,0,0,1,0
"Australia","AUS",1987,45.8,47.5,4.26393,0.24303,0.824281,10.1502,-1.7,0,0,1,0
"Australia","AUS",1990,39.4,45.8,1.68121,0.265227,0.85601,10.1866,-6.4,0,0,0,0
"Australia","AUS",1993,44.9,39.4,2.76639,0.29411,0.869132,10.2028,5.5,0,0,1,0
"Australia","AUS",1996,38.8,44.9,3.15645,0.333007,0.961299,10.2929,-6.1,0,0,1,0
"Australia","AUS",1998,39.5,47.2,4.01467,0.353841,0.907157,10.3974,-7.7,0,0,1,1
"Austria","AUT",1956,46,41.3,10.3151,0.223264,0.802002,8.99786,4.7,0,0,1,0
"Austria","AUT",1959,44.2,46,3.71847,0.249379,0.787325,9.12562,-1.8,0,0,1,0
"Austria","AUT",1962,45.4,44.2,1.69972,0.285788,0.783902,9.32723,1.2,0,0,0,0
"Austria","AUT",1966,48.3,45.4,2.45194,0.321377,0.759623,9.43757,2.9,0,0,1,0
"Austria","AUT",1970,44.7,48.3,5.37966,0.366473,0.752585,9.59878,-3.59999999999999,0,0,1,1
"Austria","AUT",1971,50,48.4,4.9775,0.403904,0.793282,9.71274,1.6,0,0,1,1
"Austria","AUT",1975,50.4,50,-0.06538,0.438829,0.793282,9.84542,0.399999999999999,0,0,0,1
"Austria","AUT",1979,51,50.4,-1.73237,0.504716,0.798178,9.93023,0.600000000000001,0,0,0,1
"Austria","AUT",1983,47.6,51,0.88127,0.530738,0.816254,10.0272,-3.4,0,0,0,1
"Austria","AUT",1986,43.1,47.6,1.37886,0.559001,0.966984,10.1067,-4.5,0,0,0,1
"Austria","AUT",1990,42.8,43.1,2.9432,0.657652,1.09629,10.2224,-0.300000000000004,0,0,1,1
"Austria","AUT",1994,34.9,42.8,1.09812,0.669253,1.31588,10.2598,-7.9,0,0,0,1
"Austria","AUT",1995,38.1,34.9,2.78899,0.691903,1.2499,10.2873,3.2,0,0,1,1
"Austria","AUT",1999,33.2,38.1,3.08589,0.797483,1.22588,10.394,-4.9,0,0,1,1
"Azerbaijan","AZE",1992,60.9,NA,-2.17422,0.842683,0.721414,8.74588,NA,0,0,0,1
"Burundi","BDI",1965,63.6,NA,-1.74504,0.194133,0.692247,5.79113,NA,0,0,0,0
"Burundi","BDI",1993,32.9,NA,-0.63709,0.206988,0.616028,6.39765,NA,0,0,0,0
"Belgium","BEL",1946,31.6,NA,5.3672,0.451825,1.06658,8.69972,NA,0,0,1,1
"Belgium","BEL",1949,29.7,31.6,4.65563,0.634784,1.01021,8.84766,-1.9,0,0,1,1
"Belgium","BEL",1950,47.7,43.5,3.37461,0.596037,0.916291,8.88085,4.2,0,0,1,1
"Belgium","BEL",1954,41.1,47.7,2.07675,0.392276,0.968447,9.04616,-6.6,0,0,1,1
"Belgium","BEL",1958,35.8,37.8,1.23964,0.486022,0.897532,9.16528,-2,0,0,0,1
"Belgium","BEL",1961,41.5,46.5,5.70458,0.536643,0.988574,9.22665,-5,0,0,1,1
"Belgium","BEL",1965,34.5,41.5,6.56826,0.598466,1.27809,9.42232,-7,0,0,1,1
"Belgium","BEL",1968,27.2,34.5,3.01314,0.644995,1.88251,9.50162,-7.3,0,0,1,1
"Belgium","BEL",1971,30.1,27.2,3.16076,0.766887,1.77326,9.6912,2.9,0,0,1,1
"Belgium","BEL",1974,26.7,25.3,7.08414,0.873429,1.76644,9.80371,1.4,0,0,1,1
"Belgium","BEL",1977,36,32.4,5.85746,0.864516,1.66013,9.87438,3.6,0,0,1,1
"Belgium","BEL",1978,36.3,36,2.58372,0.883563,1.91545,9.90917,0.299999999999997,0,0,1,1
"Belgium","BEL",1981,26.5,36.3,-2.19234,0.903528,2.03209,9.9576,-9.8,0,0,0,1
"Belgium","BEL",1985,29.2,26.5,1.10439,0.956547,1.94734,9.99384,2.7,0,0,0,1
"Belgium","BEL",1987,27.5,29.2,2.13153,1.00193,1.96431,10.0386,-1.7,0,0,1,1
"Belgium","BEL",1991,24.6,27.5,1.28962,1.10792,2.12942,10.1807,-2.9,0,0,0,1
"Belgium","BEL",1995,24.9,24.6,3.1618,1.18683,2.08567,10.2094,0.299999999999997,0,0,1,1
"Belgium","BEL",1999,20,24.9,1.76399,1.35041,2.20276,10.2976,-4.9,0,0,0,1
"Benin","BEN",1960,68.7,17.2,4.1124,0.274003,0,6.6132,51.5,0,0,1,0
"Benin","BEN",1970,NA,NA,3.01026,0.529496,1.14838,6.72386,NA,0,0,1,1
"Benin","BEN",1991,27.2,NA,7.38653,0.364112,1.45629,6.92571,NA,0,0,1,1
"Benin","BEN",1996,35.7,36.2,8.89187,0.464648,1.24703,6.9417,-0.5,0,0,1,1
"Burkina Faso","BFA",1978,42.2,NA,5.78636,0.444101,1.22165,6.43919,NA,0,0,1,1
"Bangladesh","BGD",1973,73.2,NA,-12.2578,0.363095,0.046903,6.47463,NA,0,1,0,1
"Bangladesh","BGD",1981,65.5,NA,-4.04935,0.180528,0.697403,6.47953,NA,0,0,0,0
"Bangladesh","BGD",1991,30.8,NA,2.90926,0.21935,1.13462,6.63473,NA,0,0,1,0
"Bangladesh","BGD",1996,33.6,30.8,-1.28767,0.300451,0.920283,6.70745,2.8,0,0,0,0
"Bulgaria","BGR",1990,47.2,NA,-3.07291,1.38211,0.884338,8.87608,NA,1,0,0,1
"Bulgaria","BGR",1991,33.1,47.2,9.97172,0.471368,0.879141,8.90465,-14.1,1,0,1,1
"Bulgaria","BGR",1994,7.6,5.4,0.34407,0.635707,1.00406,8.77376,2.2,0,0,0,1
"Bulgaria","BGR",1997,22.1,43.4,-8.2673,0.895893,0.92527,8.72219,-21.3,0,0,0,1
"Bahamas","BHS",1977,54.7,59,10.1812,1.17093,0.425268,9.75715,-4.3,0,0,1,1
"Bahamas","BHS",1982,56.9,54.7,-8.69481,1.0657,0.482426,9.97058,2.2,0,0,0,1
"Bahamas","BHS",1987,53.5,56.9,0.11001,1.17175,0.672944,10.1902,-3.4,0,0,0,1
"Bahamas","BHS",1992,44.9,53.5,-4.64872,0.832591,0.582216,10.1393,-8.6,0,0,0,1
"Bahamas","BHS",1997,57.7,55.1,3.97206,0.850982,0.29267,10.1955,2.6,0,0,1,1
"Belarus","BLR",1994,17.7,NA,-11.932,1.14833,1.29136,8.4568,NA,0,1,0,1
"Belize","BLZ",1984,44,52.4,-0.6952,1.17704,0.470004,8.44269,-8.4,0,0,0,1
"Belize","BLZ",1989,49,54.1,11.142,1.23365,0.688059,8.7045,-5.1,0,0,1,1
"Belize","BLZ",1993,51.2,50.9,0.62785,1.50014,0.682501,8.77887,0.300000000000004,0,0,0,1
"Belize","BLZ",1998,39.4,48.7,-1.50562,1.06844,0.205175,8.87091,-9.3,0,0,0,1
"Bolivia","BOL",1947,NA,NA,0.5917,0.137525,0.810486,7.76427,NA,0,0,0,0
"Bolivia","BOL",1951,32,47.2,10.0975,0.429251,1.18767,8.0484,-15.2,0,0,1,1
"Bolivia","BOL",1966,67.2,NA,4.53017,0.523581,0.728992,8.03876,NA,0,1,1,1
"Bolivia","BOL",1978,50.9,NA,-1.65344,0.417672,NA,8.09718,NA,0,0,0,1
"Bolivia","BOL",1979,NA,NA,-1.14505,0.413051,1.25276,8.08566,NA,0,0,0,1
"Bolivia","BOL",1980,20.2,35.9,-1.14505,0.413051,1.47018,8.08566,-15.7,0,0,0,1
"Bolivia","BOL",1985,5.5,38.7,-2.40866,0.38332,1.51072,7.88152,-33.2,0,0,0,1
"Bolivia","BOL",1989,25.6,30.4,1.09464,0.404533,1.60944,7.87016,-4.8,0,0,0,1
"Bolivia","BOL",1993,21.1,25.2,-0.77555,0.500223,1.53902,7.92109,-4.1,0,0,0,1
"Bolivia","BOL",1997,18.2,35.6,1.55245,0.529743,1.77834,8.00625,-17.4,0,0,0,1
"Brazil","BRA",1950,21.5,55.4,0.7511,0.174573,0.985817,7.43808,-33.9,0,0,0,0
"Brazil","BRA",1955,30.3,29.7,3.24485,0.126823,1.08856,7.62136,0.600000000000001,0,1,1,0
"Brazil","BRA",1960,32.9,35.7,3.96555,0.126376,0.97456,7.8116,-2.8,0,0,1,0
"Brazil","BRA",1962,18.3,19.9,2.24151,0.100912,1.39872,7.93756,-1.6,1,0,1,0
"Brazil","BRA",1989,30.5,NA,-0.87407,0.126583,1.73871,8.77741,NA,0,0,0,0
"Brazil","BRA",1994,54.3,30.5,4.16675,0.186752,0.97456,8.76046,23.8,0,0,1,0
"Brazil","BRA",1998,53.1,54.3,-1.60183,0.227589,0.928219,8.81202,-1.2,0,0,0,0
"Barbados","BRB",1966,49.6,36.3,4.26482,0.643682,0.780159,9.7742,13.3,0,0,1,1
"Barbados","BRB",1971,57.4,49.6,-2.38748,0.62928,0.470004,10.1889,7.8,0,0,0,1
"Barbados","BRB",1976,46.4,57.4,-8.97677,0.636666,0.533061,10.0857,-11,0,0,0,1
"Barbados","BRB",1981,52.2,52.7,1.11978,0.880364,0.628097,10.1125,-0.5,0,0,0,1
"Barbados","BRB",1986,40.4,52.2,-0.86262,0.849103,0.220059,9.99795,-11.8,0,0,0,1
"Barbados","BRB",1991,49.8,59.4,-2.90259,0.665189,0.614677,10.1687,-9.6,0,0,0,1
"Barbados","BRB",1994,38.3,49.8,1.72387,1.00748,0.609972,10.0422,-11.5,0,0,0,1
"Barbados","BRB",1999,64.9,48.3,5.15762,0.98534,0.142315,10.211,16.6,0,0,1,1
"Botswana","BWA",1969,68.3,NA,-10.5471,0.771132,0.479397,6.9868,NA,0,0,0,1
"Botswana","BWA",1984,68,NA,8.10191,1.12603,0.355714,8.31809,NA,0,0,1,1
"Botswana","BWA",1989,64.8,68,20.2216,1.04468,0.175423,8.76415,-3.2,0,0,1,1
"Botswana","BWA",1994,54.7,64.8,-1.92886,0.892345,0.57759,8.75164,-10.1,0,0,0,1
"Botswana","BWA",1999,57.1,54.7,9.67559,0.954192,0.351333,8.97766,2.4,0,0,1,1
"Central African Republic","CAF",1981,50.2,NA,-5.66516,0.406219,0.878946,6.6692,NA,0,0,0,1
"Central African Republic","CAF",1992,NA,NA,-5.8791,0.364778,NA,6.41709,NA,0,0,0,1
"Central African Republic","CAF",1993,12.1,NA,-3.75666,0.390049,1.41585,6.3788,NA,0,0,0,1
"Central African Republic","CAF",1999,51.3,37.3,4.75038,0.418255,1.1314,6.40819,14,0,0,1,1
"Canada","CAN",1949,49.5,40.9,-0.32288,0.392701,0.559644,9.18866,8.6,0,0,0,1
"Canada","CAN",1953,48.8,49.5,1.42738,0.290307,0.766746,9.42921,-0.700000000000003,0,0,0,0
"Canada","CAN",1957,40.9,48.8,5.57688,0.302691,1.05014,9.48071,-7.9,0,0,1,0
"Canada","CAN",1958,53.6,38.9,-2.04857,0.29749,0.428973,9.46001,14.7,0,0,0,0
"Canada","CAN",1962,37.3,53.6,0.84403,0.290204,1.04421,9.47348,-16.3,1,0,0,0
"Canada","CAN",1963,32.8,37.3,4.77683,0.281172,0.973389,9.52014,-4.5,0,0,1,0
"Canada","CAN",1965,40.2,41.7,4.35717,0.30446,0.951395,9.64546,-1.5,0,0,1,0
"Canada","CAN",1968,45.5,40.2,0.79211,0.342059,0.846619,9.69757,5.3,0,0,0,0
"Canada","CAN",1972,38.5,45.5,4.30601,0.404519,1.04465,9.87013,-7,0,0,1,1
"Canada","CAN",1974,43.2,38.5,1.63246,0.420766,0.8671,9.94072,4.7,0,0,0,1
"Canada","CAN",1979,40.1,43.2,2.73618,0.401471,0.894327,10.039,-3.1,0,0,1,1
"Canada","CAN",1980,32.5,35.9,2.69267,0.407275,0.875469,10.0655,-3.4,0,0,1,1
"Canada","CAN",1984,28,44.3,5.16416,0.434009,0.525444,10.1051,-16.3,0,0,1,1
"Canada","CAN",1988,43,50,3.26202,0.475804,0.847228,10.2282,-7,0,0,1,1
"Canada","CAN",1993,16,43,1.46791,0.574609,0.85433,10.1984,-27,0,0,0,1
"Canada","CAN",1997,38.5,41.3,0.53792,0.648435,1.09192,10.2636,-2.8,0,0,0,1
"Canada","CAN",2000,40.8,38.5,4.3932,0.75585,0.932164,10.4212,2.3,0,0,1,1
"Switzerland","CHE",1947,NA,NA,10.6316,0.447589,1.60944,9.43626,NA,0,0,1,1
"Switzerland","CHE",1951,NA,NA,7.37294,0.277082,1.56878,9.67802,NA,0,0,1,0
"Switzerland","CHE",1955,NA,NA,5.98527,0.303336,1.54923,9.79147,NA,0,0,1,0
"Switzerland","CHE",1959,NA,NA,7.65277,0.337754,1.55735,9.89209,NA,0,0,1,0
"Switzerland","CHE",1963,NA,NA,2.44439,0.360024,1.56422,10.0535,NA,0,0,1,1
"Switzerland","CHE",1967,NA,NA,2.13622,0.380422,1.63424,10.151,NA,0,0,1,1
"Switzerland","CHE",1971,NA,NA,1.6457,0.426334,1.70292,10.3064,NA,0,0,0,1
"Switzerland","CHE",1975,NA,NA,-9.09521,0.434992,1.60944,10.2682,NA,0,0,0,1
"Switzerland","CHE",1979,NA,NA,3.30459,0.51706,1.62924,10.3417,NA,0,0,1,1
"Switzerland","CHE",1983,NA,NA,0.3897,0.520111,1.66013,10.2973,NA,0,0,0,1
"Switzerland","CHE",1987,NA,NA,0.71234,0.590893,1.75094,10.3708,NA,0,0,0,1
"Switzerland","CHE",1991,NA,NA,-2.21621,0.612785,1.90211,10.4204,NA,0,0,0,1
"Switzerland","CHE",1995,NA,NA,-0.03641,0.649291,1.72345,10.404,NA,0,0,0,1
"Switzerland","CHE",1999,NA,NA,0.53061,0.774765,1.64119,10.4556,NA,0,0,0,1
"Chile","CHL",1946,40.2,56,6.5687,0.104254,0.678033,8.54161,-15.8,0,0,1,0
"Chile","CHL",1952,20,40.2,1.83823,0.230514,1.0818,8.09591,-20.2,0,0,0,0
"Chile","CHL",1958,NA,NA,1.85075,0.208686,1.37877,8.17458,NA,0,0,0,0
"Chile","CHL",1964,56.1,20.7,-0.40788,0.254513,0.760806,8.28772,35.4,NA,NA,0,0
"Chile","CHL",1970,28.1,56.1,0.63332,0.270782,1.08519,8.40409,-28,NA,NA,0,0
"Chile","CHL",1989,29.4,44,9.60883,0.466935,0.879826,8.59694,-14.6,0,0,1,1
"Chile","CHL",1993,58,55.2,5.67434,0.511355,0.904218,8.83894,2.8,0,0,1,1
"Chile","CHL",2000,48,58,-1.64699,0.617658,0.783902,9.10769,-10,0,0,0,1
"Cote d'Ivoire","CIV",2000,32.7,NA,-3.22166,0.747728,0.770154,7.29794,NA,0,0,0,1
"Cameroon","CMR",1960,44.9,34.3,2.11199,0.2888,1.13072,7.03802,10.6,0,0,1,0
"Cameroon","CMR",1992,40,NA,-5.05364,0.258522,1.11523,7.3622,NA,0,0,0,0
"Congo","COG",1992,16.9,NA,3.87812,1.06632,1.53687,7.70282,NA,0,0,1,1
"Colombia","COL",1946,32.3,58.6,1.96888,0.083715,1.06471,7.87478,-26.3,0,0,0,0
"Colombia","COL",1966,71.8,NA,-2.67568,0.166973,0.518794,8.05619,NA,0,0,0,0
"Colombia","COL",1970,40.7,71.8,3.94823,0.173289,1.0818,8.16562,-31.1,0,0,1,0
"Colombia","COL",1974,31.4,40.7,3.78736,0.172788,0.854415,8.316,-9.3,0,0,1,0
"Colombia","COL",1978,49.5,56.3,2.95109,0.16101,0.770108,8.41151,-6.8,0,0,1,0
"Colombia","COL",1982,41,49.5,1.161,0.18376,0.916291,8.5349,-8.5,0,0,0,0
"Colombia","COL",1986,36,46.8,-0.56668,0.176276,0.741937,8.50954,-10.8,0,0,0,0
"Colombia","COL",1990,48.2,58.7,0.37675,0.19047,1.11186,8.58464,-10.5,0,0,0,0
"Colombia","COL",1994,45.3,48.2,3.82214,0.286949,0.879627,8.6631,-2.90000000000001,0,0,1,0
"Colombia","COL",1998,34.4,45.3,1.16967,0.323666,1.14422,8.72619,-10.9,0,0,0,0
"Comoro Is.","COM",1990,23.1,NA,-5.263,0.438107,1.81156,7.18274,NA,0,0,0,1
"Comoro Is.","COM",1996,NA,NA,7.6809,0.420928,1.40416,7.06777,NA,0,0,1,1
"C. Verde Is.","CPV",1991,26.6,NA,0.4138,0.686134,0.494696,7.36623,NA,0,0,0,1
"Costa Rica","CRI",1948,44.7,NA,15.7156,0.360471,0.683097,7.94426,NA,0,0,1,1
"Costa Rica","CRI",1953,64.7,NA,12.4846,0.30871,0.609766,8.34735,NA,0,0,1,0
"Costa Rica","CRI",1958,42.8,64.7,2.83763,0.309882,0.891998,8.40564,-21.9,0,0,1,0
"Costa Rica","CRI",1962,13.5,46.6,-3.59551,0.273614,0.924259,8.47122,-33.1,0,0,0,0
"Costa Rica","CRI",1966,49.5,50.3,7.48011,0.308661,0.693047,8.61663,-0.799999999999997,0,1,1,0
"Costa Rica","CRI",1970,41.7,50.5,2.23673,0.36471,0.756122,8.71403,-8.8,1,0,1,1
"Costa Rica","CRI",1974,43.4,54.8,3.92709,0.418688,1.19392,8.86324,-11.4,0,0,1,1
"Costa Rica","CRI",1978,43.8,43.4,7.27682,0.45467,0.802002,8.98893,0.399999999999999,0,0,1,1
"Costa Rica","CRI",1982,33.6,50.5,-8.57738,0.404802,0.774727,8.92661,-16.9,0,0,0,1
"Costa Rica","CRI",1986,52.3,58.8,-0.7469,0.41,0.727549,8.85681,-6.5,1,0,0,1
"Costa Rica","CRI",1990,47.2,52.3,1.50174,0.560484,0.71784,8.89531,-5.09999999999999,0,0,0,1
"Costa Rica","CRI",1994,47.7,51.5,4.47748,0.701507,0.746688,8.97899,-3.8,0,0,1,1
"Costa Rica","CRI",1998,44.6,49.6,3.04025,0.795466,0.8671,9.00719,-5,0,0,1,1
"Czech Rep.","ZZZ",1946,18.4,NA,NA,NA,1.63978,NA,NA,0,0,NA,NA
"Czech Rep.","ZZZ",1990,36.2,NA,0.6779,0.96113,1.34571,9.40454,NA,0,1,0,1
"Czech Rep.","ZZZ",1992,23,36.2,-12.617,0.973026,1.80518,9.24014,-13.2,0,0,0,1
"Cuba","CUB",1948,46.1,55.3,11.9943,NA,1.09192,7.98513,-9.2,0,0,1,NA
"Cyprus","CYP",1959,66.8,NA,4.43658,0.3957,0.58618,8.21033,NA,0,0,1,1
"Cyprus","CYP",1983,56.5,NA,4.24768,0.857365,0.815365,9.14717,NA,0,0,1,1
"Cyprus","CYP",1988,27.3,56.5,6.98063,0.824192,1.25562,9.34594,-29.2,0,0,1,1
"Cyprus","CYP",1993,44.2,30.1,6.13562,0.952177,1.00796,9.58194,14.1,0,0,1,1
"Cyprus","CYP",1998,40.1,36.7,-0.15661,0.975194,1.0818,9.64348,3.4,0,0,0,1
"Czech Republic","CZE",1996,29.6,23,5.69545,0.698051,1.42234,9.62001,6.6,0,0,1,1
"Czech Republic","CZE",1998,27.7,29.6,-0.40431,0.788901,1.31103,9.6666,-1.9,0,0,0,1
"East Germany","GGG",1990,16.4,NA,3.4917,0.311066,1.38515,9.7379,NA,0,0,1,0
"German Federal Republic","DEU",1953,45.2,31,6.10573,0.200479,1.29198,8.84552,14.2,0,1,1,0
"German Federal Republic","DEU",1957,50.2,45.2,4.03046,0.267031,1.12168,9.11568,5,1,0,1,0
"German Federal Republic","DEU",1961,45.4,50.2,3.77531,0.269585,1.13462,9.31215,-4.8,0,0,1,0
"German Federal Republic","DEU",1965,47.6,45.4,4.63672,0.289814,1.075,9.46225,2.2,0,0,1,0
"German Federal Republic","DEU",1969,46.1,47.6,7.0577,0.340833,0.996949,9.58773,-1.5,1,0,1,0
"German Federal Republic","DEU",1972,45.8,42.7,3.33716,0.329888,1.02604,9.68618,3.09999999999999,0,1,1,0
"German Federal Republic","DEU",1976,42.6,45.8,6.11436,0.427814,1.05082,9.76373,-3.2,0,0,1,1
"German Federal Republic","DEU",1980,42.9,42.6,0.28615,0.47589,1.08519,9.87062,0.299999999999997,0,1,0,1
"German Federal Republic","DEU",1983,48.8,44.5,-1.19411,0.512047,1.15057,9.84941,4.3,1,0,0,1
"German Federal Republic","DEU",1987,44.3,48.8,2.42521,0.508905,1.24416,9.94522,-4.5,0,0,1,1
"German Federal Republic","DEU",1990,43.8,44.3,4.71347,0.409071,1.15373,10.075,-0.5,0,0,1,1
"German Federal Republic","DEU",1994,41.5,43.8,2.16407,0.428573,1.23837,10.2428,-2.3,0,0,1,1
"German Federal Republic","DEU",1998,35.1,41.5,1.89108,0.542734,1.19695,10.2952,-6.4,0,0,0,1
"Djibouti","DJI",1993,60.7,NA,10.2189,1.47841,0.836602,7.59058,NA,0,0,1,1
"Djibouti","DJI",1999,74,60.7,-7.88946,1.41562,0.485809,7.51406,13.3,0,0,0,1
"Denmark","DNK",1947,25.4,23.4,4.46943,0.383751,1.26924,9.03101,2,0,0,1,1
"Denmark","DNK",1950,39.6,40,6.9141,0.205054,1.38128,9.09786,-0.399999999999999,0,0,1,0
"Denmark","DNK",1953,22.1,17.8,1.34208,0.21124,1.34487,9.07806,4.3,0,0,0,0
"Denmark","DNK",1957,39.4,41.3,1.75723,0.254595,1.32708,9.1768,-1.9,0,0,0,0
"Denmark","DNK",1960,42.1,39.4,5.64932,0.290212,1.28093,9.35933,2.7,0,0,1,0
"Denmark","DNK",1964,41.9,42.1,8.36185,0.314371,1.25562,9.548,-0.200000000000003,0,0,1,0
"Denmark","DNK",1966,38.2,41.9,2.4034,0.328156,1.37877,9.60597,-3.7,0,0,1,0
"Denmark","DNK",1968,34.2,38.2,5.13497,0.325125,1.44456,9.65605,-4,0,0,1,0
"Denmark","DNK",1971,14.4,15,1.8293,0.357562,1.37039,9.79881,-0.6,0,0,0,1
"Denmark","DNK",1973,25.6,37.3,4.41124,0.375057,1.93007,9.87077,-11.7,1,0,1,1
"Denmark","DNK",1975,23.3,12.3,-1.84947,0.384329,1.68928,9.85211,11,1,0,0,1
"Denmark","DNK",1977,37,29.9,7.05773,0.38651,1.64866,9.90552,7.1,0,0,1,1
"Denmark","DNK",1979,38.3,37,3.57596,0.402975,1.57277,9.97411,1.3,0,0,1,1
"Denmark","DNK",1981,32.9,38.3,-1.20616,0.500108,1.69887,9.95224,-5.4,0,0,0,1
"Denmark","DNK",1984,23.4,14.5,2.45155,0.502602,1.61763,10.0126,8.9,0,0,1,1
"Denmark","DNK",1987,20.8,23.4,-0.15772,0.527316,1.67001,10.155,-2.6,0,0,0,1
"Denmark","DNK",1988,19.3,20.8,-0.15772,0.527316,1.67147,10.155,-1.5,0,0,0,1
"Denmark","DNK",1990,16,19.3,1.23508,0.606005,1.47476,10.1724,-3.3,0,0,0,1
"Denmark","DNK",1994,34.6,37.4,5.59983,0.648593,1.51293,10.2447,-2.8,0,0,1,1
"Denmark","DNK",1998,35.9,34.6,3.31172,0.683496,1.54969,10.3288,1.3,0,0,1,1
"Dominican Republic","DOM",1962,NA,NA,15.5754,0.654376,0.80123,7.8405,NA,0,0,1,1
"Dominican Republic","DOM",1966,NA,NA,-12.9111,0.506307,0.737164,7.76807,NA,NA,NA,0,1
"Dominican Republic","DOM",1970,57.2,57.7,6.45442,0.620949,1.13783,7.8441,-0.5,0,0,1,1
"Dominican Republic","DOM",1978,43,57.2,1.97083,0.677243,0.993252,8.34908,-14.2,0,0,0,1
"Dominican Republic","DOM",1982,46.7,52.4,3.80606,0.658892,0.996949,8.41968,-5.7,0,0,1,1
"Dominican Republic","DOM",1986,39.2,46.7,-5.15725,0.535956,1.02245,8.41237,-7.5,0,0,0,1
"Dominican Republic","DOM",1990,35.5,41.6,2.72387,0.565355,1.21788,8.51705,-6.1,0,0,1,1
"Dominican Republic","DOM",1994,42.3,35.5,5.45533,0.620861,0.996949,8.59434,6.8,0,0,1,1
"Dominican Republic","DOM",1996,15,42.3,2.711,0.664334,0.955511,8.63284,-27.3,0,0,1,1
"Dominican Republic","DOM",2000,24.9,38.9,4.14713,0.712172,1.14422,8.85538,-14,0,0,1,1
"Algeria","DZA",1995,61,NA,1.8141,0.678481,0.802302,8.42698,NA,0,0,0,1
"Algeria","DZA",1999,73.8,61,4.00303,0.655434,0.572899,8.49449,12.8,0,0,1,1
"Ecuador","ECU",1948,NA,NA,7.96762,0.289162,1.0116,7.76405,NA,0,0,1,0
"Ecuador","ECU",1952,5.1,41.1,-1.503,0.282241,1.10194,7.63468,-36,0,0,0,0
"Ecuador","ECU",1956,29,43,0.75416,0.365063,1.35583,7.7817,-14,0,0,0,1
"Ecuador","ECU",1960,22.4,29,2.55763,0.35105,1.075,7.80983,-6.6,0,0,1,1
"Ecuador","ECU",1966,NA,NA,-0.69779,0.367467,1.50262,7.89114,NA,0,0,0,1
"Ecuador","ECU",1968,30.4,NA,4.91587,0.376497,1.21096,7.93913,NA,0,0,1,1
"Ecuador","ECU",1979,23.9,NA,4.60115,0.462608,1.56025,8.50253,NA,0,0,1,1
"Ecuador","ECU",1984,13.5,27.7,-9.05836,0.381629,1.64287,8.43695,-14.2,0,0,0,1
"Ecuador","ECU",1988,14.7,27.2,-7.84838,0.430663,1.88251,8.37852,-12.5,0,0,0,1
"Ecuador","ECU",1992,8.5,24.5,1.51996,0.472623,1.50408,8.46288,-16,0,0,0,1
"Ecuador","ECU",1996,NA,NA,-0.55844,0.525519,1.57277,8.47107,NA,0,0,0,1
"Ecuador","ECU",1998,26.6,26.3,0.42765,0.548708,1.41099,8.49575,0.300000000000001,0,0,0,1
"Egypt","EGY",1950,8.8,47.4,2.44088,0.491064,0.648364,6.59426,-38.6,0,0,1,1
"Spain","ESP",1977,34.5,NA,2.27903,0.165043,1.06992,9.64742,NA,0,0,1,0
"Spain","ESP",1979,35.1,34.5,-0.29787,0.174915,1.03241,9.6504,0.600000000000001,0,0,0,0
"Spain","ESP",1982,6.5,35.1,0.61853,0.206837,0.845868,9.6546,-28.6,0,0,0,0
"Spain","ESP",1986,37.9,40.8,2.03238,0.22718,1.10557,9.69451,-2.9,0,0,1,0
"Spain","ESP",1989,34.4,37.9,4.94207,0.2667,1.04732,9.88,-3.5,0,0,1,0
"Spain","ESP",1993,34.6,34.4,0.58432,0.311416,0.983302,9.94445,0.200000000000003,0,0,0,0
"Spain","ESP",1996,31.8,34.6,2.88486,0.380946,1.0022,9.97604,-2.8,0,0,1,1
"Spain","ESP",2000,45.2,37.2,4.55936,0.498623,0.908259,10.1259,8,0,0,1,1
"Estonia","EST",1992,NA,NA,-21.7491,0.776303,1.77494,8.91453,NA,0,0,0,1
"Estonia","EST",1995,6,9.7,-0.50503,1.0525,1.42273,8.86405,-3.7,0,0,0,1
"Estonia","EST",1999,7.6,32.2,7.68474,1.25984,1.7046,9.18945,-24.6,0,0,1,1
"Finland","FIN",1950,22.9,NA,4.70189,0.39129,1.63511,8.65494,NA,0,1,1,1
"Finland","FIN",1956,17.9,22.9,7.1127,0.234592,1.60543,8.96215,-5,1,0,1,0
"Finland","FIN",1962,44.2,26.9,6.91792,0.271038,1.66203,9.17568,17.3,0,1,1,0
"Finland","FIN",1968,60.1,44.2,1.16849,0.304341,1.83258,9.35096,15.9,0,1,0,0
"Finland","FIN",1982,43.1,NA,1.33936,0.409798,1.32442,9.85892,NA,0,0,0,1
"Finland","FIN",1988,48.9,43.1,3.56174,0.417855,1.16002,10.0095,5.8,0,0,1,1
"Finland","FIN",1994,25.9,48.9,-2.72946,0.503518,1.69745,9.94586,-23,0,0,0,1
"Finland","FIN",2000,40,25.9,3.49013,0.65063,1.19695,10.2238,14.1,0,0,1,1
"Fiji","FJI",1972,57.5,64.7,6.75943,0.863161,0.62317,7.907,-7.2,0,0,1,1
"Fiji","FJI",1977,46,57.5,-0.50064,0.77331,0.768394,8.0398,-11.5,0,0,0,1
"Fiji","FJI",1982,51.8,52.2,-4.48317,0.800113,0.754143,8.13407,-0.400000000000006,0,0,0,1
"Fiji","FJI",1987,49.5,51.8,-8.58945,0.886576,0.68725,8.05622,-2.3,0,0,0,1
"Fiji","FJI",1992,43.6,49.5,-3.95091,1.15939,1.31768,8.12835,-5.9,0,0,0,1
"Fiji","FJI",1994,40.9,43.6,1.39296,1.0983,1.17316,8.1667,-2.7,0,0,0,1
"Fiji","FJI",1999,19.9,40.9,-2.37392,1.12808,1.15324,8.26893,-21,0,0,0,1
"France","FRA",1946,21.1,23.8,6.2505,0.478961,1.42544,8.40853,-2.7,0,0,1,1
"France","FRA",1951,50.5,21.1,4.8524,0.117742,1.77834,8.86545,29.4,0,0,1,0
"France","FRA",1956,30.1,50.5,4.38102,0.119348,1.74635,9.05819,-20.4,0,0,1,0
"France","FRA",1958,27.9,3.9,0.89028,0.121446,1.23547,9.15781,24,0,0,0,0
"France","FRA",1965,44.6,27.9,3.39744,0.14888,1.11841,9.44975,16.7,0,0,1,0
"France","FRA",1969,44.5,44.6,3.63792,0.170193,1.19392,9.56889,-0.100000000000001,0,0,1,0
"France","FRA",1974,15.1,44.5,5.73346,0.236856,1.1474,9.80883,-29.4,1,0,1,0
"France","FRA",1981,28.3,32.6,1.26981,0.277965,1.58104,9.97215,-4.3,0,0,0,0
"France","FRA",1988,34.1,25.8,2.21621,0.299713,1.56235,10.0645,8.3,1,0,1,0
"France","FRA",1995,23.3,33.9,1.86162,0.369637,1.78339,10.1685,-10.6,0,0,0,1
"Gabon","GAB",1993,51.2,NA,1.14981,0.978137,1.08176,9.35231,NA,0,0,0,1
"Gabon","GAB",1998,66.9,51.2,-1.84031,0.895274,0.708115,9.43484,15.7,0,0,0,1
"United Kingdom","GBR",1950,46.1,47.7,3.11398,0.373282,0.730693,9.17302,-1.6,0,0,1,1
"United Kingdom","GBR",1951,48.8,46.1,4.3565,0.197427,0.72014,9.14727,2.7,0,0,1,0
"United Kingdom","GBR",1955,49.7,48,2.77055,0.191903,0.703098,9.21754,1.7,0,0,1,0
"United Kingdom","GBR",1959,49.4,49.7,2.74471,0.208106,0.686238,9.28687,-0.300000000000004,0,0,1,0
"United Kingdom","GBR",1964,43.4,49.4,4.3896,0.221054,0.721069,9.41335,-6,0,0,1,0
"United Kingdom","GBR",1966,48,44.1,1.88356,0.221196,0.702261,9.43202,3.9,0,0,0,0
"United Kingdom","GBR",1970,43.1,48,1.21755,0.253215,0.726742,9.51132,-4.9,0,0,0,0
"United Kingdom","GBR",1974,37.9,46.4,7.37677,0.283767,0.815365,9.65629,-8.5,0,0,1,0
"United Kingdom","GBR",1979,36.9,39.3,3.55465,0.307954,0.765645,9.71132,-2.4,0,0,1,0
"United Kingdom","GBR",1983,42.4,43.9,2.66211,0.31485,0.735589,9.74322,-1.5,0,0,1,0
"United Kingdom","GBR",1987,42.3,42.4,5.20621,0.326188,0.776642,9.91445,-0.100000000000001,0,1,1,0
"United Kingdom","GBR",1992,41.9,42.3,-1.7062,0.346002,0.81978,10.033,-0.399999999999999,0,0,0,0
"United Kingdom","GBR",1997,30.7,41.9,2.78771,0.423623,0.751369,10.1424,-11.2,0,0,1,1
"Ghana","GHA",1979,NA,NA,-1.42516,0.554824,1.36609,7.21524,NA,0,0,0,1
"Ghana","GHA",1992,58.2,NA,-4.23586,0.462145,0.824263,7.14137,NA,0,0,0,1
"Ghana","GHA",1996,57.4,58.2,3.30595,0.607581,0.717591,7.18887,-0.800000000000004,0,0,1,1
"Ghana","GHA",2000,48.4,57.4,4.33544,1.14389,0.839673,7.29826,-9,0,0,1,1
"Guinea","GIN",1993,51.7,NA,2.0663,0.685191,1.08424,6.56271,NA,0,0,1,1
"Guinea","GIN",1998,56.1,51.7,3.19716,0.607623,0.907888,6.66285,4.4,0,0,1,1
"Gambia","GMB",1966,65.3,69.4,13.2634,0.543889,0.470004,7.12474,-4.10000000000001,0,0,1,1
"Gambia","GMB",1972,63.1,65.3,-2.69438,0.570902,0.291101,7.13143,-2.2,0,0,0,1
"Gambia","GMB",1977,69.4,63.1,-5.4302,0.650799,0.355714,7.15568,6.3,0,0,0,1
"Gambia","GMB",1982,72.4,NA,13.3697,0.640863,0.510239,7.23747,NA,0,0,1,1
"Gambia","GMB",1987,59.2,72.4,-1.47829,0.530753,0.812431,7.18467,-13.2,0,0,0,1
"Gambia","GMB",1992,58.5,59.2,-1.21564,0.777885,0.905869,7.13699,-0.700000000000003,0,0,0,1
"Gambia","GMB",1996,55.8,NA,5.40437,0.702018,0.813296,7.04367,NA,0,0,1,1
"Guinea-Bissau","GNB",1994,46.2,NA,4.77858,0.221771,1.21544,6.99984,NA,0,0,1,0
"Guinea-Bissau","GNB",2000,23.4,46.2,5.46153,0.316688,1.48541,6.73234,-22.8,0,0,1,0
"Equatorial Guinea","GNQ",1968,34.8,NA,1.77778,0.443489,1.12636,6.617,NA,0,0,0,1
"Greece","GRC",1946,14.4,NA,-15.988,0.110591,0.966984,7.16945,NA,0,0,0,0
"Greece","GRC",1950,17.2,14.4,3.89689,0.242444,1.74397,7.8586,2.8,0,0,1,0
"Greece","GRC",1951,19,17.2,7.663,0.096895,1.17248,8.28102,1.8,0,0,1,0
"Greece","GRC",1952,34.2,23.5,-2.64146,0.098626,0.371564,8.25425,10.7,0,0,0,0
"Greece","GRC",1956,47.4,49.2,4.82918,0.116524,0.741937,8.41219,-1.8,0,0,1,0
"Greece","GRC",1958,41.2,47.4,6.49465,0.120734,0.89355,8.55074,-6.2,NA,NA,1,0
"Greece","GRC",1961,50.8,41.2,13.1752,0.137409,0.832561,8.7522,9.59999999999999,0,1,1,0
"Greece","GRC",1963,39.4,50.8,12.2406,0.147708,0.881997,8.86108,-11.4,0,0,1,0
"Greece","GRC",1964,52.7,42,12.2406,0.147708,0.816594,8.86108,10.7,0,0,1,0
"Greece","GRC",1974,54.4,NA,-8.2176,0.210746,0.548121,9.56529,NA,1,0,0,0
"Greece","GRC",1977,41.8,54.4,0.99603,0.231183,0.854411,9.67618,-12.6,0,0,0,0
"Greece","GRC",1981,35.9,41.8,-3.16478,0.309245,0.741937,9.71441,-5.9,0,0,0,0
"Greece","GRC",1985,45.8,48.1,1.27354,0.288127,0.760806,9.6931,-2.3,0,0,0,0
"Greece","GRC",1989,39.1,45.8,5.23765,0.346843,0.877176,9.73848,-6.7,0,0,1,0
"Greece","GRC",1990,NA,NA,3.28633,0.356587,0.86289,9.77082,NA,0,0,1,1
"Greece","GRC",1993,39.3,46.9,-2.39783,0.392807,0.776481,9.76067,-7.6,0,0,0,1
"Greece","GRC",1996,41.5,47.1,2.27081,0.429864,0.856711,9.81625,-5.6,0,0,1,1
"Greece","GRC",2000,43.8,41.5,3.24231,0.565198,0.792992,9.91386,2.3,0,0,1,1
"Grenada","GRD",1976,51.7,58.9,9.69705,1.10673,0.653928,8.38537,-7.2,0,0,1,1
"Grenada","GRD",1984,NA,NA,4.60773,0.982442,0.132895,8.70576,NA,NA,NA,1,1
"Grenada","GRD",1990,17.4,58.6,7.12948,0.951888,1.12564,9.05693,-41.2,0,0,1,1
"Grenada","GRD",1995,30.6,34.5,2.17789,1.05324,0.883499,9.09192,-3.9,0,0,1,1
"Grenada","GRD",1999,62.6,32.4,7.19562,1.15532,0,9.43497,30.2,0,0,1,1
"Guatemala","GTM",1950,65.4,NA,-1.221,0.532288,0.756122,7.92491,NA,0,0,0,1
"Guatemala","GTM",1957,NA,NA,1.55402,0.606695,NA,7.94328,NA,0,0,0,1
"Guatemala","GTM",1958,29.6,NA,1.55402,0.606695,0.783902,7.94328,NA,0,1,0,1
"Guatemala","GTM",1966,23.5,NA,2.76238,0.708179,1.03318,8.08275,NA,0,0,1,1
"Guatemala","GTM",1970,34.9,44.8,3.1549,0.678956,1.03318,8.26064,-9.9,0,0,1,1
"Guatemala","GTM",1974,NA,NA,4.39947,0.644917,1.02245,8.42994,NA,0,0,1,1
"Guatemala","GTM",1978,NA,NA,4.9844,0.730378,1.06815,8.54716,NA,0,0,1,1
"Guatemala","GTM",1982,NA,NA,-1.70181,0.556897,1.22964,8.62494,NA,0,0,0,1
"Guatemala","GTM",1985,20.2,NA,-2.53899,0.402445,1.46434,8.48321,NA,0,0,0,1
"Guatemala","GTM",1990,17.5,38.6,0.92751,0.442554,1.66203,8.45041,-21.1,0,0,0,1
"Guatemala","GTM",1995,12.9,25.7,1.90415,0.565387,1.55815,8.51215,-12.8,0,0,0,1
"Guatemala","GTM",1999,30.3,36.5,2.54631,0.65313,1.08856,8.57275,-6.2,0,0,1,1
"Guyana","GUY",1968,55.8,40.5,15.6261,0.642667,0.582389,7.69093,15.3,0,1,1,1
"Guyana","GUY",1973,NA,NA,6.99274,0.545022,0.492248,7.94055,NA,0,0,1,1
"Guyana","GUY",1992,42.3,NA,14.8668,1.40149,0.425268,7.73839,NA,0,0,1,1
"Guyana","GUY",1997,55.3,53.5,4.54411,1.06123,0.451076,8.05635,1.8,0,0,1,1
"Honduras","HND",1954,30.8,NA,-14.7294,1.05313,0.991977,7.57637,NA,0,0,0,1
"Honduras","HND",1957,61.9,NA,-2.74227,1.02142,0.720874,7.693,NA,0,0,0,1
"Honduras","HND",1965,55.1,NA,1.29982,1.11116,0.684399,7.66917,NA,0,0,0,1
"Honduras","HND",1971,52.6,NA,-0.11211,1.557,0.693147,7.76223,NA,0,0,0,1
"Honduras","HND",1980,44.2,NA,4.68997,1.46942,0.774746,8.12687,NA,0,0,1,1
"Honduras","HND",1981,41.6,49.3,3.72409,1.28569,0.766848,8.11922,-7.7,0,0,1,1
"Honduras","HND",1985,51,53.9,2.51001,1.11394,0.760806,8.05879,-2.9,0,0,1,1
"Honduras","HND",1989,44.3,51,2.0086,1.08732,0.756122,8.07246,-6.7,0,0,1,1
"Honduras","HND",1993,43,52.3,-0.17082,1.12136,0.760806,8.0385,-9.3,0,0,0,1
"Honduras","HND",1997,52.7,53,2.76501,1.08749,0.774727,8.03704,-0.299999999999997,0,0,1,1
"Croatia","HRV",1992,57.8,NA,-14.3034,0.943895,0.970779,9.09025,NA,0,0,0,1
"Croatia","HRV",1997,61.4,57.8,7.48261,0.730506,0.792992,9.20306,3.6,0,0,1,1
"Croatia","HRV",2000,22.6,61.4,-1.38767,0.774742,1.20896,9.29623,-38.8,0,0,0,1
"Haiti","HTI",1957,NA,NA,-7.73106,0.340905,0.519139,7.25581,NA,0,0,0,0
"Haiti","HTI",1988,NA,NA,-3.82516,0.289782,1.1365,7.25054,NA,0,0,0,0
"Haiti","HTI",1990,NA,NA,-1.7551,0.225962,0.731593,7.18677,NA,NA,NA,0,0
"Hungary","HUN",1947,15.3,57,3.06663,0.656572,1.84122,7.80643,-41.7,1,0,1,1
"Hungary","HUN",1990,10.9,NA,1.47022,0.362727,1.33237,9.46427,NA,0,0,0,1
"Hungary","HUN",1994,11.7,24.7,2.29614,0.422554,1.06335,9.33334,-13,0,0,1,1
"Hungary","HUN",1998,32.2,33,3.21362,0.763704,1.4061,9.36875,-0.799999999999997,0,0,1,1
"Indonesia","IDN",1955,20.9,NA,0.84043,0.117537,1.84946,7.21911,NA,0,1,0,0
"Indonesia","IDN",1999,22.5,NA,-14.4101,0.687671,1.54116,7.89733,NA,0,0,0,1
"India","IND",1951,45,NA,1.02519,0.140591,0.533823,6.3998,NA,0,0,0,0
"India","IND",1957,47.8,45,1.60258,0.150923,0.565314,6.50099,2.8,0,0,0,0
"India","IND",1962,44.7,47.8,1.39191,0.118017,0.615186,6.59875,-3.09999999999999,0,0,0,0
"India","IND",1967,40.8,44.7,-2.4807,0.120417,1.14103,6.64447,-3.90000000000001,1,0,0,0
"India","IND",1971,43.7,40.8,-0.61723,0.086115,0.751416,6.79559,2.90000000000001,0,0,0,0
"India","IND",1977,34.5,43.7,2.56497,0.099948,0.963174,6.86,-9.2,0,1,1,0
"India","IND",1980,9.4,41.3,-4.00895,0.11772,0.770108,6.90593,-31.9,0,0,0,0
"India","IND",1984,48,42.7,3.4017,0.117343,0.524728,7.0425,5.3,0,0,1,0
"India","IND",1989,39.5,48,2.67476,0.124044,1.41342,7.22624,-8.5,0,0,1,0
"India","IND",1991,3.3,NA,3.89795,0.125163,1.28093,7.26448,NA,0,0,1,0
"India","IND",1996,28.8,36.5,7.56923,0.214331,1.7613,7.38281,-7.7,0,0,1,0
"India","IND",1998,3.3,8.1,2.46515,0.21289,1.7613,7.4259,-4.8,0,0,1,0
"India","IND",1999,23.8,25.5,9.36142,0.23748,1.76815,7.55464,-1.7,0,0,1,0
"Ireland","IRL",1948,41.9,48.9,1.31229,0.809116,1.26498,8.36232,-7,0,0,0,1
"Ireland","IRL",1951,25.8,19.8,1.4395,0.244763,1.15057,8.71435,6,0,0,0,0
"Ireland","IRL",1954,43.4,46.3,4.1011,0.241851,1.10856,8.77915,-2.9,0,0,1,0
"Ireland","IRL",1957,26.6,32,-3.23059,0.226158,1.00063,8.8103,-5.4,0,0,0,0
"Ireland","IRL",1961,43.8,48.3,5.80663,0.287661,1.02904,8.94937,-4.5,0,0,1,0
"Ireland","IRL",1965,47.7,43.8,4.08056,0.315115,0.967288,9.06981,3.90000000000001,0,0,1,0
"Ireland","IRL",1969,45.7,47.7,8.84311,0.375212,0.897703,9.21961,-2,0,0,1,1
"Ireland","IRL",1973,46.2,45.7,6.34859,0.412911,0.947192,9.38537,0.5,0,0,1,1
"Ireland","IRL",1977,30.5,35.1,3.0573,0.452722,0.86289,9.44207,-4.6,0,0,1,1
"Ireland","IRL",1981,45.3,50.6,-2.63289,0.529365,0.95935,9.59509,-5.3,0,0,0,1
"Ireland","IRL",1982,37.3,36.5,2.60164,0.518838,0.93723,9.62078,0.799999999999997,0,0,1,1
"Ireland","IRL",1987,27.1,39.2,-0.18582,0.682439,1.06199,9.60606,-12.1,0,0,0,1
"Ireland","IRL",1989,44.1,44.1,4.65296,0.75116,1.08814,9.6737,0,0,0,1,1
"Ireland","IRL",1992,39.1,44.1,0.43273,0.871069,1.2499,9.84184,-5,0,0,0,1
"Ireland","IRL",1997,27.9,24.5,8.33168,1.1073,1.09485,10.0925,3.4,0,0,1,1
"Iran","IRN",1947,NA,NA,3.9044,0.050811,NA,7.59345,NA,0,0,1,0
"Iran","IRN",1950,NA,NA,-5.23,0.085469,NA,7.77556,NA,0,0,0,0
"Iran","IRN",1952,NA,NA,-2.6879,0.071273,NA,7.74831,NA,0,0,0,0
"Iran","IRN",1980,74.5,NA,-10.6571,0.69591,0.533929,9.0567,NA,1,0,0,1
"Iran","IRN",1993,64,NA,8.42171,0.644632,0.738407,8.79314,NA,0,0,1,1
"Iran","IRN",1997,25.1,64,3.67014,0.53335,0.599979,8.79556,-38.9,0,0,1,1
"Iceland","ISL",1946,39.5,38.5,NA,0.868577,1.28093,9.26726,1,0,0,NA,1
"Iceland","ISL",1949,16.5,17.8,-3.77407,0.575037,1.24319,9.33613,-1.3,0,0,0,1
"Iceland","ISL",1953,21.9,24.5,-3.72597,0.343419,1.23553,9.21531,-2.6,0,0,0,0
"Iceland","ISL",1956,42.4,37.1,9.44985,0.383382,1.24576,9.49324,5.3,0,1,1,1
"Iceland","ISL",1960,15.2,12.5,1.4441,0.383394,1.13383,9.5542,2.7,0,0,0,1
"Iceland","ISL",1963,41.4,39.7,5.70773,0.432507,1.20212,9.58134,1.7,0,0,1,1
"Iceland","ISL",1967,37.5,41.4,7.60346,0.43024,1.26695,9.88807,-3.9,0,0,1,1
"Iceland","ISL",1971,36.2,37.5,7.63784,0.462328,1.34921,9.86277,-1.3,0,0,1,1
"Iceland","ISL",1974,24.9,25.3,7.46098,0.459332,1.2189,10.1078,-0.400000000000002,0,0,1,1
"Iceland","ISL",1978,32.7,42.7,12.6355,0.449054,1.34707,10.2524,-10,0,0,1,1
"Iceland","ISL",1979,24.9,16.9,2.97348,0.465989,1.33012,10.3256,8,0,0,1,1
"Iceland","ISL",1983,NA,NA,3.24476,0.411953,1.40364,10.444,NA,0,0,1,1
"Iceland","ISL",1987,18.9,19,4.17949,0.479802,1.6771,10.4392,-0.100000000000001,0,0,1,1
"Iceland","ISL",1991,18.9,18.9,-0.47107,0.456581,1.32708,10.4854,0,0,0,0,1
"Iceland","ISL",1995,37.1,38.6,-1.12438,0.446752,1.37353,10.4759,-1.5,0,0,0,1
"Iceland","ISL",1999,40.7,37.1,2.62682,0.564393,1.23962,10.5278,3.6,0,0,1,1
"Israel","ISR",1949,35.7,33.5,11.1292,0.329412,1.55393,8.26182,2.2,0,1,1,0
"Israel","ISR",1951,37.3,35.7,7.43619,0.249397,1.57485,8.56781,1.59999999999999,0,0,1,0
"Israel","ISR",1955,32.2,37.3,10.1992,0.253816,1.79093,8.64938,-5.09999999999999,0,0,1,0
"Israel","ISR",1959,38.2,32.2,7.16575,0.284631,1.59331,8.81703,6,0,0,1,0
"Israel","ISR",1961,34.7,38.2,8.66421,0.343877,1.68083,8.93531,-3.5,0,0,1,0
"Israel","ISR",1965,36.7,34.7,4.61837,0.350821,1.68083,9.13778,2,0,0,1,1
"Israel","ISR",1969,46.2,36.7,11.4076,0.441887,1.27257,9.36664,9.5,0,0,1,1
"Israel","ISR",1973,39.6,46.2,7.86519,0.527317,1.20896,9.6219,-6.6,0,0,1,1
"Israel","ISR",1977,24.6,39.6,-4.25736,0.535326,1.47452,9.62396,-15,0,0,0,1
"Israel","ISR",1981,37.1,33.4,-0.76709,0.548119,1.13943,9.62897,3.7,0,0,0,1
"Israel","ISR",1984,34.9,37.1,-1.62049,0.581827,1.35067,9.67166,-2.2,0,0,0,1
"Israel","ISR",1988,31.1,34.9,0.55437,0.622633,1.47705,9.76234,-3.8,0,0,0,1
"Israel","ISR",1992,24.9,31.1,5.24243,0.585947,1.47999,9.84079,-6.2,1,0,1,1
"Israel","ISR",1996,49.5,34.7,2.79722,0.690992,1.72633,9.94222,14.8,0,1,1,1
"Israel","ISR",1999,43.9,50.5,1.30889,0.717828,2.16217,9.9859,-6.6,1,0,0,1
"Italy","ITA",1948,48.5,35.2,16.6961,0.161518,1.05779,8.30511,13.3,NA,NA,1,0
"Italy","ITA",1953,40.1,48.5,3.70326,0.088444,1.26499,8.67675,-8.4,NA,NA,1,0
"Italy","ITA",1958,42.3,40.1,3.6012,0.128301,1.24127,8.89934,2.2,0,1,1,0
"Italy","ITA",1963,38.3,42.3,5.7357,0.159746,1.31847,9.20283,-4,0,1,1,0
"Italy","ITA",1968,39.1,38.3,6.33087,0.201124,1.26022,9.40477,0.800000000000004,0,1,1,0
"Italy","ITA",1972,38.7,39.1,0.6975,0.245882,1.2681,9.57204,-0.399999999999999,NA,NA,0,0
"Italy","ITA",1976,38.7,38.7,-4.52902,0.251987,1.15373,9.66404,0,NA,NA,0,0
"Italy","ITA",1979,38.3,38.7,2.37411,0.291007,1.24353,9.77115,-0.400000000000006,0,0,1,0
"Italy","ITA",1983,32.9,38.3,0.32292,0.283937,1.41342,9.88611,-5.4,0,1,0,0
"Italy","ITA",1987,14.3,11.4,3.27978,0.30386,1.4061,9.98791,2.9,0,0,1,0
"Italy","ITA",1992,29.6,34.3,1.5107,0.352326,1.74572,10.1328,-4.7,0,0,0,1
"Italy","ITA",1994,NA,NA,-1.67711,0.373725,2.02683,10.1183,NA,0,0,0,1
"Italy","ITA",1996,43.3,34.4,3.15787,0.427261,1.80336,10.1718,8.9,0,0,1,1
"Jamaica","JAM",1967,50.7,50,-0.80727,0.644849,0.634723,8.91092,0.700000000000003,0,0,0,1
"Jamaica","JAM",1972,43.4,50.7,2.13656,0.692327,0.547323,9.06658,-7.3,0,0,1,1
"Jamaica","JAM",1976,56.8,56.4,-7.33189,0.604066,0.414676,8.99599,0.399999999999999,0,0,0,1
"Jamaica","JAM",1980,41.1,56.8,-6.23615,0.934375,0.29437,8.86004,-15.7,1,0,0,1
"Jamaica","JAM",1989,43.3,58.9,2.96204,0.8992,0.470004,8.92919,-15.6,0,0,1,1
"Jamaica","JAM",1993,60,56.6,9.07179,1.19821,0.23081,9.12782,3.4,0,0,1,1
"Jamaica","JAM",1997,56.2,60,-1.86393,0.832066,0.325426,9.10651,-3.8,0,0,0,1
"Japan","JPN",1952,48,44.4,9.33294,0.050687,1.08519,8.12126,3.6,0,1,1,0
"Japan","JPN",1953,39.5,48,9.33294,0.050687,1.32708,8.12126,-8.5,0,1,1,0
"Japan","JPN",1955,36.6,18,4.07148,0.055964,1.29746,8.21688,18.6,0,0,1,0
"Japan","JPN",1958,59,36.6,6.36606,0.073737,0.625938,8.40276,22.4,0,1,1,0
"Japan","JPN",1960,58.1,59,11.8838,0.076019,0.678033,8.62951,-0.899999999999999,0,1,1,0
"Japan","JPN",1963,56,58.1,7.4968,0.081818,0.703098,8.88508,-2.1,0,1,1,0
"Japan","JPN",1967,49.2,56,9.82112,0.093046,0.86289,9.12255,-6.8,0,0,1,0
"Japan","JPN",1969,49.1,49.2,11.2146,0.103728,0.845868,9.43771,-0.100000000000001,0,0,1,0
"Japan","JPN",1972,48.4,49.1,7.19185,0.119089,0.908259,9.6279,-0.700000000000003,1,0,1,0
"Japan","JPN",1976,43.2,48.4,2.60765,0.141209,1.08856,9.70154,-5.2,0,0,1,0
"Japan","JPN",1979,45.8,43.2,4.79137,0.147646,1.12817,9.82397,2.59999999999999,0,0,1,0
"Japan","JPN",1980,48.4,45.8,4.79137,0.147646,0.989541,9.82397,2.6,0,0,1,0
"Japan","JPN",1983,47,48.4,2.54627,0.150165,1.11186,9.89045,-1.4,0,0,1,0
"Japan","JPN",1986,50,47,2.72031,0.147068,0.920283,10.022,3,0,0,1,0
"Japan","JPN",1990,47.2,50,4.99134,0.165451,0.92437,10.1759,-2.8,0,0,1,0
"Japan","JPN",1993,37.4,47.2,-0.23894,0.16739,1.37118,10.256,-9.8,0,0,0,0
"Japan","JPN",1996,32.8,37.4,2.26013,0.202825,1.07707,10.2956,-4.6,0,0,1,0
"Japan","JPN",2000,28.3,32.8,-0.69367,0.211982,1.15057,10.275,-4.5,0,0,0,0
"Kenya","KEN",1992,36.6,NA,-4.70951,0.407174,1.31728,7.00754,NA,0,0,0,1
"Kenya","KEN",1997,40.4,36.6,-4.05704,0.55314,1.2609,6.99354,3.8,0,0,0,1
"Kyrgyzstan","KGZ",1995,72.4,NA,-18.0213,1.14332,0.457425,7.18766,NA,0,0,0,1
"Cambodia","KHM",1972,54.9,NA,-4.91132,0.096095,0.90687,6.90116,NA,0,0,0,0
"Cambodia","KHM",1993,38.2,NA,3.48019,0.167406,0.86453,6.62455,NA,1,0,1,0
"Cambodia","KHM",1998,41.4,38.2,3.36315,0.651995,0.880589,6.78892,3.2,0,0,1,1
"South Korea","KOR",1948,26.1,NA,6.8534,1.7164,1.1181,6.96964,NA,0,0,1,1
"South Korea","KOR",1950,6.8,26.1,6.6098,1.7164,0.889885,7.03364,-19.3,0,0,1,1
"South Korea","KOR",1952,74.6,NA,6.1313,0.15977,0.540678,7.05346,NA,0,0,1,0
"South Korea","KOR",1956,55.6,74.6,6.9424,0.044439,0.949168,7.38764,-19,0,0,1,0
"South Korea","KOR",1960,2.8,NA,-1.978,0.0441,0.493372,7.42058,NA,0,0,0,0
"South Korea","KOR",1963,46.6,NA,7.06507,0.058537,0.860093,7.49871,NA,0,0,1,0
"South Korea","KOR",1967,51.4,46.6,10.4833,0.068873,0.836836,7.66338,4.8,0,0,1,0
"South Korea","KOR",1971,53.2,51.4,5.648,0.126723,0.716722,7.94778,1.8,0,0,1,0
"South Korea","KOR",1987,35.9,NA,10.0788,0.336967,1.22908,9.07261,NA,0,0,1,0
"South Korea","KOR",1992,42,35.9,3.0022,0.353215,1.13499,9.47704,6.1,0,0,1,1
"South Korea","KOR",1997,38.7,38.7,3.0131,0.500841,1.05211,9.76219,0,0,0,1,1
"Laos","LAO",1955,56.4,48.7,1.06903,0.289032,0.982078,6.80038,7.7,0,1,0,0
"Laos","LAO",1958,19,56.4,0.95818,0.326874,1.22964,6.82843,-37.4,0,1,0,0
"Laos","LAO",1960,57.6,NA,0.87242,0.487222,0.835874,6.83712,NA,0,1,0,1
"Laos","LAO",1965,23.7,NA,0.91932,0.265074,1.56615,6.89348,NA,0,0,0,0
"Laos","LAO",1967,52.4,23.7,1.00002,0.365896,0.685992,6.90343,28.7,NA,NA,0,1
"Laos","LAO",1972,NA,NA,2.84982,0.128496,NA,6.36288,NA,0,0,1,0
"Lebanon","LBN",1947,NA,NA,NA,NA,2.77446,NA,NA,0,0,NA,NA
"Lebanon","LBN",1951,NA,NA,14.3183,1.89647,3.95929,8.12083,NA,0,0,1,1
"Lebanon","LBN",1953,NA,NA,12.0446,1.39524,3.54357,8.13255,NA,0,0,1,1
"Lebanon","LBN",1957,NA,NA,-4.94663,1.70237,3.79729,8.24271,NA,0,1,0,1
"Lebanon","LBN",1960,NA,NA,5.56984,1.47443,3.82297,8.10691,NA,0,0,1,1
"Lebanon","LBN",1964,NA,NA,-1.93213,1.69692,3.7894,8.13313,NA,0,0,0,1
"Lebanon","LBN",1968,NA,NA,-7.57804,1.47873,3.50014,8.18587,NA,0,0,0,1
"Lebanon","LBN",1972,NA,NA,7.14976,0.594662,3.51363,9.35273,NA,0,0,1,1
"Lebanon","LBN",1992,NA,NA,-4.33613,0.4538,2.36064,8.86892,NA,0,0,0,1
"Lebanon","LBN",1996,19.5,2.3,3.64538,0.495654,2.03177,9.10415,17.2,0,0,1,1
"Lebanon","LBN",2000,0,3.1,-0.31357,0.503232,1.82099,9.02137,-3.1,0,0,0,1
"Liberia","LBR",1985,50.9,NA,-4.22151,0.760523,1.03603,6.8948,NA,0,0,0,1
"St. Lucia","LCA",1979,43.8,53.4,-0.01416,1.4266,0.536529,8.65792,-9.6,0,0,0,1
"St. Lucia","LCA",1982,16.7,56.2,1.71184,1.17171,0.363121,8.61699,-39.5,0,0,0,1
"St. Lucia","LCA",1987,52.5,56.2,14.5989,1.19713,0.689691,8.86474,-3.7,0,0,1,1
"St. Lucia","LCA",1992,56.7,53.2,0.395,1.31026,0.610178,9.11079,3.5,0,0,0,1
"St. Lucia","LCA",1997,36.6,56.7,7.52108,1.29923,0.117347,9.24026,-20.1,0,0,1,1
"Sri Lanka","LKA",1952,44.1,39.8,3.79223,1.42374,1.01885,6.46483,4.3,0,0,1,1
"Sri Lanka","LKA",1956,27.9,44.1,2.08114,1.43186,1.08856,6.48041,-16.2,0,1,1,1
"Sri Lanka","LKA",1960,20.9,39.5,-0.6322,1.74923,1.49306,6.37233,-18.6,1,0,0,1
"Sri Lanka","LKA",1965,30.2,33.6,1.27714,1.26859,1.26692,6.52747,-3.4,1,0,0,1
"Sri Lanka","LKA",1970,37.9,39.3,6.94393,1.05385,0.912283,6.71408,-1.4,0,0,1,1
"Sri Lanka","LKA",1977,29.7,36.3,-2.36739,0.592482,0.34359,6.96785,-6.6,0,0,0,1
"Sri Lanka","LKA",1982,52.9,50.9,4.01121,0.588751,0.831721,7.29809,2,0,0,1,1
"Sri Lanka","LKA",1988,50.4,52.9,1.12556,0.591146,0.779508,7.41802,-2.5,0,0,0,1
"Sri Lanka","LKA",1994,35.9,50.4,4.19697,0.688927,0.65752,7.6901,-14.5,0,0,1,1
"Sri Lanka","LKA",1999,51.5,62.3,2.79302,0.692205,0.81093,7.87386,-10.8,0,0,1,1
"Lesotho","LSO",1970,NA,NA,-1.46414,0.567702,NA,6.25335,NA,0,0,0,1
"Lesotho","LSO",1993,22.7,NA,-1.18758,1.55946,0,6.68536,NA,0,0,0,1
"Lesotho","LSO",1998,60.6,74.8,7.48777,1.47045,0.025317,6.94104,-14.2,0,0,1,1
"Lithuania","LTU",1992,21.2,54.1,-21.2605,0.396507,1.01523,9.09288,-32.9,1,0,0,1
"Lithuania","LTU",1993,61.1,44,-21.2605,0.396507,0.678033,9.09288,17.1,0,0,0,1
"Lithuania","LTU",1998,45.3,61.1,6.29311,0.969701,1.18784,9.01126,-15.8,0,0,1,1
"Luxembourg","LUX",1948,36.3,44.7,15.7449,0.680329,1.18833,9.49579,-8.40000000000001,0,0,1,1
"Luxembourg","LUX",1951,42.1,36.3,-7.8763,1.03508,0.994732,9.61974,5.8,0,0,0,1
"Luxembourg","LUX",1954,45.2,42.1,2.42491,1.21051,0.984783,9.63339,3.1,0,0,1,1
"Luxembourg","LUX",1959,38.9,45.2,0.32867,1.35073,1.14556,9.74478,-6.3,0,0,0,1
"Luxembourg","LUX",1964,35.7,38.9,0.61428,1.50959,1.153,9.8135,-3.2,0,0,0,1
"Luxembourg","LUX",1968,37.5,35.7,4.68315,1.64954,1.22671,9.93469,1.8,0,0,1,1
"Luxembourg","LUX",1974,29.9,37.5,7.87417,1.9315,1.40118,10.1933,-7.6,0,0,1,1
"Luxembourg","LUX",1979,21.9,23.3,3.68694,1.88329,1.24034,10.2088,-1.4,0,0,1,1
"Luxembourg","LUX",1984,36.7,36.4,3.28052,1.90673,1.16938,10.2646,0.300000000000004,0,0,1,1
"Luxembourg","LUX",1989,32.4,36.7,7.9969,2.05316,1.32802,10.564,-4.3,0,0,1,1
"Luxembourg","LUX",1994,30.3,32.4,2.97402,2.01161,1.35998,10.8187,-2.1,0,0,1,1
"Luxembourg","LUX",1999,30.1,30.3,5.51248,2.39768,1.46726,10.9446,-0.199999999999999,0,0,1,1
"Latvia","LVA",1993,2.6,68.2,-31.1801,0.703805,1.61949,9.02391,-65.6,0,0,0,1
"Latvia","LVA",1995,14.7,32.4,2.24055,0.756432,2.02647,8.7027,-17.7,0,0,1,1
"Latvia","LVA",1998,14.7,12,3.94592,1.00362,1.70265,8.87626,2.7,1,0,1,1
"Moldova","MDA",1996,38.8,NA,-2.2897,0.80637,1.36609,7.41457,NA,0,0,0,1
"Madagascar","MDG",1960,61.6,NA,-0.554,0.826985,0.837425,6.95761,NA,0,0,0,1
"Madagascar","MDG",1989,62.7,NA,-0.22636,0.457174,0.790673,6.78372,NA,0,0,0,1
"Madagascar","MDG",1993,28.6,62.7,-2.43642,0.506298,1.17866,6.70516,-34.1,0,0,0,1
"Madagascar","MDG",1996,23.4,45.9,-0.97442,0.587674,1.4884,6.64617,-22.5,0,0,0,1
"Mexico","MEX",1952,74.3,NA,0.80643,0.150218,0.53817,8.27647,NA,0,0,0,0
"Mexico","MEX",1982,74.3,NA,-5.72825,0.13775,0.542545,9.23717,NA,0,0,0,0
"Mexico","MEX",1988,50.7,74.3,-0.54931,0.178064,0.790673,9.09217,-23.6,0,0,0,0
"Mexico","MEX",1994,50.1,50.7,3.06586,0.269065,1.04255,9.23216,-0.600000000000001,0,0,1,0
"Mexico","MEX",2000,36.9,50.1,5.76838,0.49899,1.04028,9.3396,-13.2,0,0,1,1
"Macedonia","MKD",1994,53.3,27.7,-0.85437,0.810245,1.15688,8.63105,25.6,0,0,0,1
"Macedonia","MKD",1998,25.1,53.3,2.84626,0.990259,1.075,8.64055,-28.2,0,0,1,1
"Macedonia","MKD",1999,33.1,NA,4.13581,0.974814,1.53902,8.68108,NA,0,0,1,1
"Mali","MLI",1992,NA,NA,-3.07713,0.471981,1.35583,6.44537,NA,0,0,0,1
"Malta","MLT",1966,47.9,42,2.11,0.518962,0.67885,8.17341,5.9,0,0,1,1
"Malta","MLT",1971,48.1,47.9,13.4514,2.20784,0.692817,8.22472,0.200000000000003,0,1,1,1
"Malta","MLT",1976,51.5,50.8,18.1886,2.1662,0.69102,8.7722,0.700000000000003,0,0,1,1
"Malta","MLT",1981,49.1,51.5,3.049,1.75383,0.69102,9.14899,-2.4,0,0,1,1
"Malta","MLT",1987,48.9,49.1,5.17473,1.65549,0.692937,9.27639,-0.200000000000003,0,0,1,1
"Malta","MLT",1992,51.8,50.9,5.43308,2.01205,0.692937,9.53704,0.899999999999999,0,0,1,1
"Malta","MLT",1996,47.8,51.8,2.52531,1.93413,0.692937,9.72279,-4,0,0,1,1
"Malta","MLT",1998,47,50.7,3.97575,1.83604,0.68725,9.80203,-3.7,0,0,1,1
"Myanmar","MMR",1951,58.8,NA,-5.1,1.5666,0.951658,6.30632,NA,0,0,0,1
"Myanmar","MMR",1956,59.2,58.8,11.2665,1.03684,0.871293,6.47119,0.400000000000006,0,0,1,1
"Myanmar","MMR",1960,16.4,59.2,13.6088,0.702031,0.765747,6.64407,-42.8,0,0,1,1
"Myanmar","MMR",1990,21.2,NA,2.28702,0.082804,0.419966,6.9779,NA,0,0,1,0
"Mongolia","MNG",1990,61.3,NA,12.9158,0.444545,0.319849,8.03705,NA,0,0,1,1
"Mongolia","MNG",1993,59.9,61.3,-16.3236,0.805026,0.652325,7.61472,-1.4,0,0,0,1
"Mongolia","MNG",1997,30.6,59.9,-0.57916,0.822413,0.71784,7.61237,-29.3,0,0,0,1
"Mozambique","MOZ",1994,53.3,NA,-2.26079,0.545359,0.916147,5.83017,NA,0,0,0,1
"Mozambique","MOZ",1999,52.3,53.3,2.49621,0.523173,0.69105,6.07576,-1,0,0,1,1
"Mauritania","MRT",1992,62.7,NA,-2.06812,0.597893,0.689536,7.35164,NA,0,0,0,1
"Mauritius","MUS",1976,38.1,54.6,20.2554,0.974063,0.891998,8.12201,-16.5,0,0,1,1
"Mauritius","MUS",1982,24.8,38.1,6.57824,0.91731,0.19062,8.09587,-13.3,0,1,1,1
"Mauritius","MUS",1983,41.7,63,-0.717,0.912281,0.631272,8.10159,-21.3,0,0,0,1
"Mauritius","MUS",1987,40.5,41.7,9.69068,1.25025,0.666567,8.38566,-1.2,0,0,1,1
"Mauritius","MUS",1991,55.4,40.5,2.15976,1.32725,0.958729,8.56891,14.9,0,0,1,1
"Mauritius","MUS",1995,19.5,55.4,2.73708,1.2859,0.19062,8.714,-35.9,0,0,1,1
"Mauritius","MUS",2000,36.6,65.2,6.89364,1.29734,0.34359,8.93325,-28.6,0,0,1,1
"Malawi","MWI",1994,33.5,NA,13.7355,0.452276,0.993252,6.28966,NA,0,0,1,1
"Malawi","MWI",1999,52.4,47.2,-4.16434,0.481394,0.737164,6.15632,5.2,0,0,0,1
"Malaysia","MYS",1959,51.8,NA,6.67786,0.847016,0.634262,7.22403,NA,0,1,1,1
"Malaysia","MYS",1964,58.5,51.8,3.85034,0.855386,0.300082,7.40035,6.7,0,0,1,1
"Malaysia","MYS",1969,44.8,58.5,4.91726,0.787609,1.1445,7.56885,-13.7,0,0,1,1
"Malaysia","MYS",1974,60.8,44.8,7.70584,0.872643,0.254448,8.06018,16,0,0,1,1
"Malaysia","MYS",1978,57.2,60.8,4.65091,0.840177,0.307154,8.2229,-3.59999999999999,0,0,1,1
"Malaysia","MYS",1982,60.5,57.2,3.80548,0.891513,0.298592,8.39193,3.3,0,0,1,1
"Malaysia","MYS",1986,57.3,60.5,-2.80095,1.00427,0.331165,8.42378,-3.2,0,0,0,1
"Malaysia","MYS",1990,53.4,57.3,7.75379,1.37158,0.653569,8.66814,-3.9,0,0,1,1
"Malaysia","MYS",1995,65.2,53.4,8.17635,1.70227,0.331072,8.95978,11.8,0,0,1,1
"Malaysia","MYS",1999,56.6,65.2,3.84438,1.85763,0.492315,9.08193,-8.6,0,0,1,1
"Niger","NER",1993,34.3,NA,-3.22039,0.419898,1.4327,6.26964,NA,0,0,0,1
"Niger","NER",1996,52.2,34.3,1.50071,0.551671,1.06618,6.23669,17.9,0,0,0,1
"Niger","NER",1999,NA,NA,-2.40347,0.45562,1.48914,6.26811,NA,0,0,0,1
"Nigeria","NGA",1964,NA,NA,0.99959,0.321226,1.04732,7.37055,NA,0,0,0,0
"Nigeria","NGA",1979,NA,NA,-3.30714,0.684511,1.39377,7.40018,NA,0,0,0,1
"Nigeria","NGA",1983,47.5,33.8,-9.56272,0.541429,1.06471,7.14637,13.7,0,0,0,1
"Nigeria","NGA",1993,NA,NA,-4.76005,0.441083,NA,7.00059,NA,0,0,0,1
"Nigeria","NGA",1999,NA,NA,-0.22352,0.563578,0.631272,7.02428,NA,0,0,0,1
"Nicaragua","NIC",1947,NA,NA,5.202,0.166854,0.638944,7.63682,NA,0,0,1,0
"Nicaragua","NIC",1967,NA,NA,0.86261,0.375498,0.546583,8.15208,NA,0,0,0,1
"Nicaragua","NIC",1984,67,NA,0.24424,0.323895,0.732368,8.08122,NA,0,0,0,0
"Nicaragua","NIC",1990,40.8,67,-9.4831,0.37125,0.760806,7.68861,-26.2,1,0,0,1
"Nicaragua","NIC",1996,51,54.8,3.39152,0.579096,0.904218,7.54492,-3.8,0,0,1,1
"Netherlands","NLD",1946,28.3,NA,1.3968,0.436599,1.497,8.22151,NA,0,0,0,1
"Netherlands","NLD",1948,31,30.8,8.75828,0.698197,1.54365,8.93642,0.199999999999999,0,0,1,1
"Netherlands","NLD",1952,29,25.6,-2.03765,0.248382,1.53712,9.20144,3.4,0,0,0,0
"Netherlands","NLD",1956,32.7,29,5.26594,0.293664,1.40478,9.38704,3.7,0,0,1,0
"Netherlands","NLD",1959,30.4,32.7,-5.0187,0.325863,1.4207,9.3913,-2.3,0,0,0,0
"Netherlands","NLD",1963,31.9,31.6,5.29225,0.374541,1.50408,9.5521,0.299999999999997,0,0,1,1
"Netherlands","NLD",1967,26.5,31.9,1.11021,0.427245,1.74233,9.69126,-5.4,0,0,0,1
"Netherlands","NLD",1971,21.8,26.5,5.1077,0.524738,1.85562,9.88235,-4.7,0,0,1,1
"Netherlands","NLD",1972,8.8,8.6,0.85189,0.579917,1.85786,9.91127,0.200000000000001,0,0,0,1
"Netherlands","NLD",1977,33.8,27.3,4.10505,0.595341,1.30785,10.0282,6.5,0,0,1,1
"Netherlands","NLD",1981,30.8,31.9,0.34874,0.632615,1.45861,10.0858,-1.1,0,0,0,1
"Netherlands","NLD",1982,29.4,30.8,-1.85265,0.65904,1.39128,10.0242,-1.4,0,0,0,1
"Netherlands","NLD",1986,34.5,29.4,2.07857,0.705506,1.25006,10.0845,5.1,0,0,1,1
"Netherlands","NLD",1989,35.3,34.5,3.61686,0.780313,1.32242,10.182,0.799999999999997,0,0,1,1
"Netherlands","NLD",1994,22.2,35.3,0.28391,0.83858,1.68825,10.2431,-13.1,0,0,0,1
"Netherlands","NLD",1998,29,24,3.92995,1.01587,1.5707,10.3612,5,0,0,1,1
"Norway","NOR",1949,45.7,41,1.61947,0.620504,0.982906,8.88733,4.7,0,0,0,1
"Norway","NOR",1953,46.7,45.7,6.13986,0.346384,1.12783,9.28326,1,0,0,1,0
"Norway","NOR",1957,48.3,46.7,3.13967,0.399159,1.09595,9.37797,1.59999999999999,0,0,1,1
"Norway","NOR",1961,46.8,48.3,5.52309,0.453334,1.16789,9.48787,-1.5,0,0,1,1
"Norway","NOR",1965,43.1,46.8,5.14434,0.49673,1.25628,9.6342,-3.7,0,0,1,1
"Norway","NOR",1969,9,9.4,2.9267,0.538323,1.15596,9.76457,-0.4,0,0,1,1
"Norway","NOR",1973,11.9,7.8,4.78934,0.584612,1.42072,9.92258,4.1,0,0,1,1
"Norway","NOR",1977,42.3,35.3,3.40102,0.593642,1.08809,10.092,7,0,0,1,1
"Norway","NOR",1981,37.2,42.3,1.11951,0.555578,1.16315,10.1868,-5.09999999999999,0,0,0,1
"Norway","NOR",1985,30.4,31.7,5.0662,0.582944,1.12767,10.3183,-1.3,0,0,1,1
"Norway","NOR",1989,34.3,40.8,1.11906,0.620354,1.4422,10.3752,-6.5,0,0,0,1
"Norway","NOR",1993,36.9,34.3,2.45958,0.660048,1.39652,10.4669,2.6,0,0,1,1
"Norway","NOR",1997,35,36.9,5.92843,0.719246,1.47267,10.6646,-1.9,0,0,1,1
"Nepal","NPL",1959,37.2,NA,4.46635,0.106233,0.700158,6.70868,NA,0,1,1,0
"Nepal","NPL",1991,39.5,NA,1.00328,0.28181,0.905351,6.58031,NA,0,0,0,0
"Nepal","NPL",1994,34.5,39.5,4.66857,0.463825,1.02245,6.6736,-5,0,0,1,1
"Nepal","NPL",1999,37.5,34.5,-4.79022,0.588515,0.875469,6.67427,3,0,0,0,1
"New Zealand","NZL",1946,51.3,47.6,3.3632,0.400406,0.690649,9.20216,3.7,0,0,1,1
"New Zealand","NZL",1949,47.2,51.3,8.53734,0.566982,0.670896,9.2511,-4.09999999999999,0,0,1,1
"New Zealand","NZL",1951,53.9,51.9,-3.52369,0.273658,0.632521,9.33274,2,0,0,0,0
"New Zealand","NZL",1954,44.3,53.9,9.11309,0.240347,0.677643,9.39014,-9.6,0,0,1,0
"New Zealand","NZL",1957,44.2,44.3,2.82888,0.244129,0.688135,9.43329,-0.0999999999999943,0,0,1,0
"New Zealand","NZL",1960,43.4,48.3,14.4455,0.2448,0.670896,9.56585,-4.9,0,0,1,0
"New Zealand","NZL",1963,47.1,47.6,4.13377,0.251787,0.677643,9.63003,-0.5,0,0,1,0
"New Zealand","NZL",1966,43.6,47.1,4.32379,0.250967,0.703098,9.74806,-3.5,0,0,1,0
"New Zealand","NZL",1969,45.2,43.6,8.39361,0.259998,0.688059,9.75003,1.6,0,0,1,0
"New Zealand","NZL",1972,41.5,45.2,3.23451,0.284161,0.625591,9.78012,-3.7,0,0,1,0
"New Zealand","NZL",1975,39.6,48.4,-4.70854,0.277316,0.625591,9.8158,-8.8,0,0,0,0
"New Zealand","NZL",1978,39.8,47.6,-1.4417,0.313755,0.702731,9.75173,-7.8,0,0,0,0
"New Zealand","NZL",1981,38.8,39.8,2.67354,0.34251,0.734145,9.77953,-1,0,0,1,0
"New Zealand","NZL",1984,35.9,38.8,4.33794,0.352215,0.68509,9.85877,-2.9,0,0,1,1
"New Zealand","NZL",1987,48,43,1.48682,0.382809,0.662894,9.88491,5,0,0,0,1
"New Zealand","NZL",1990,35.1,48,-0.72972,0.416668,0.565314,9.89264,-12.9,0,0,0,1
"New Zealand","NZL",1993,35,47.8,4.51749,0.459505,0.771098,9.91232,-12.8,0,0,1,1
"New Zealand","NZL",1996,33.8,35,1.74943,0.495993,1.32489,9.9937,-1.2,0,0,0,1
"New Zealand","NZL",1999,30.5,33.8,4.65188,0.521262,1.2374,10.0653,-3.3,0,0,1,1
"Pakistan","PAK",1970,NA,NA,9.8143,0.386841,1.01237,6.87013,NA,NA,NA,1,1
"Pakistan","PAK",1977,60.1,18.6,2.29646,0.323003,0.457425,6.93424,41.5,0,0,1,0
"Pakistan","PAK",1988,NA,NA,5.07142,0.297771,1.14422,7.31598,NA,0,0,1,0
"Pakistan","PAK",1990,37.4,30.2,1.64212,0.294,1.12168,7.34743,7.2,0,0,0,0
"Pakistan","PAK",1993,39.9,37.4,-0.38688,0.374934,1.1474,7.4009,2.5,0,0,0,1
"Pakistan","PAK",1997,21.8,37.9,2.07657,0.339338,0.770108,7.46238,-16.1,0,0,1,0
"Panama","PAN",1948,38.5,32.1,2.10813,0.217078,1.12823,8.02203,6.4,0,0,1,0
"Panama","PAN",1952,62.5,38.5,-8.41571,1.53595,0.647103,7.42336,24,0,0,0,1
"Panama","PAN",1956,68.5,62.5,5.48486,1.39853,0.576613,7.59871,6,0,0,1,1
"Panama","PAN",1960,35.6,68.5,-4.10392,1.68954,1.04732,7.50714,-32.9,0,0,0,1
"Panama","PAN",1964,41,41.4,1.86022,1.86487,1.09861,7.83859,-0.399999999999999,0,0,0,1
"Panama","PAN",1968,41.8,41,6.26303,1.84569,0.741937,8.0325,0.799999999999997,0,0,1,1
"Panama","PAN",1984,NA,NA,-6.91887,1.20684,0.850437,8.57392,NA,0,1,0,1
"Panama","PAN",1989,39.5,NA,-8.77583,1.38614,0.530628,8.5592,NA,1,0,0,1
"Panama","PAN",1994,29.9,55.1,0.26314,1.70926,1.7156,8.74723,-25.2,0,0,0,1
"Panama","PAN",1999,37.8,33.3,4.11627,1.57668,1.55604,8.8185,4.5,0,0,1,1
"Peru","PER",1956,17.8,NA,5.55117,0.341562,0.985817,8.08563,NA,0,0,1,0
"Peru","PER",1962,33,45.5,4.98236,0.415369,1.22378,8.19841,-12.5,1,0,1,1
"Peru","PER",1963,39.1,32.2,6.92888,0.41341,1.09192,8.2654,6.9,0,0,1,1
"Peru","PER",1980,27.2,NA,1.75075,0.295081,1.23837,8.54516,NA,0,0,0,0
"Peru","PER",1985,7.3,44.9,1.10672,0.263454,1.01523,8.43814,-37.6,0,0,0,0
"Peru","PER",1990,22.5,53.1,-16.3414,0.244964,1.38379,8.31331,-30.6,0,0,0,0
"Peru","PER",1995,64.3,29.1,10.8592,0.319268,0.768779,8.36023,35.2,0,0,1,0
"Peru","PER",2000,49.9,64.3,-0.39215,0.360381,0.885225,8.45605,-14.4,0,0,0,1
"Philippines","PHL",1946,45.7,NA,NA,0.158515,0.693147,NA,NA,0,0,NA,0
"Philippines","PHL",1949,50.9,53.9,3.22301,0.190617,0.887891,7.25782,-3,0,0,1,0
"Philippines","PHL",1953,31.1,50.9,5.22956,0.573979,0.559616,7.0622,-19.8,1,0,1,1
"Philippines","PHL",1957,41.3,68.9,-1.9689,0.542571,1.21194,7.2034,-27.6,1,0,0,1
"Philippines","PHL",1961,45,41.3,2.82549,0.396609,0.683097,7.31849,3.7,1,0,1,1
"Philippines","PHL",1965,42.9,55,2.39152,0.45866,0.783902,7.40828,-12.1,0,0,1,1
"Philippines","PHL",1969,62.2,51.9,1.53347,0.408198,0.635317,7.46394,10.3,0,0,0,1
"Philippines","PHL",1986,53.6,NA,-10.798,0.4461,0.693147,7.61677,NA,0,0,0,1
"Philippines","PHL",1992,23.6,53.6,-2.8381,0.652687,1.76473,7.72666,-30,0,0,0,1
"Philippines","PHL",1998,15.9,23.6,5.34718,1.04872,1.47018,7.84799,-7.7,0,0,1,1
"Papua New Guinea","PNG",1977,35,24,-7.43167,0.906559,1.43983,7.7184,11,0,0,0,1
"Papua New Guinea","PNG",1982,15,10,-4.27864,1.14715,0.989541,7.54206,5,0,0,0,1
"Papua New Guinea","PNG",1987,10.9,NA,4.2045,1.07396,1.78339,7.57041,NA,0,0,1,1
"Papua New Guinea","PNG",1992,9.3,14.9,4.31726,1.01725,1.78171,7.53472,-5.6,0,0,1,1
"Papua New Guinea","PNG",1997,6.5,2.9,4.63962,0.934865,1.61542,7.83126,3.6,0,0,1,1
"Poland","POL",1990,9.2,NA,-12.3744,0.274133,1.34574,8.93951,NA,0,0,0,0
"Poland","POL",1995,33.1,40,6.13544,0.416564,1.38379,9.08091,-6.9,0,0,1,1
"Poland","POL",2000,53.9,35.1,4.18459,0.627416,1.05082,9.33,18.8,0,0,1,1
"Portugal","PRT",1976,61.6,NA,-12.1519,0.251712,0.837247,9.10866,NA,0,0,0,0
"Portugal","PRT",1980,56.4,61.6,4.91667,0.287835,0.732368,9.32198,-5.2,0,0,1,0
"Portugal","PRT",1983,28,46,2.14485,0.284259,1.2263,9.35989,-18,0,0,1,0
"Portugal","PRT",1985,21.3,37.1,1.74366,0.330476,1.4495,9.3051,-15.8,0,0,0,0
"Portugal","PRT",1987,51.3,30.6,7.66408,0.375125,0.863396,9.44116,20.7,0,0,1,1
"Portugal","PRT",1991,51.6,51.3,2.94663,0.434609,0.806476,9.65895,0.300000000000004,0,0,1,1
"Portugal","PRT",1995,34.8,51.6,1.5269,0.499884,0.936434,9.7014,-16.8,0,0,0,1
"Portugal","PRT",1999,45,44.6,3.7801,0.576267,0.963174,9.86411,0.399999999999999,0,0,1,1
"Paraguay","PRY",1968,71.6,NA,5.59212,0.378798,0.57731,7.56247,NA,0,0,1,1
"Paraguay","PRY",1993,41.6,NA,-2.39761,0.981013,1.06878,8.16196,NA,0,0,0,1
"Paraguay","PRY",1998,55.3,41.6,1.17487,1.33985,0.696023,8.15775,13.7,0,0,0,1
"Romania","ROM",1990,66.3,NA,-8.24472,0.296534,0.783225,8.80174,NA,1,0,0,0
"Romania","ROM",1992,10.2,66.3,-8.02669,0.264463,1.56444,8.51823,-56.1,1,0,0,0
"Romania","ROM",1996,21.5,27.7,3.96215,0.339518,1.45925,8.67311,-6.2,0,0,1,0
"Romania","ROM",2000,5,30.2,3.85488,0.526915,1.2613,8.67104,-25.2,0,0,1,1
"Russia","RUS",1996,35.8,58.6,-3.79149,0.42262,1.32972,8.9562,-22.8,0,1,0,1
"Russia","RUS",2000,53.4,35.8,4.19273,0.415045,0.970779,8.95078,17.6,0,0,1,1
"Sudan","SDN",1958,36.4,22.7,-4.02232,0.387344,1.30019,7.16776,13.7,0,0,0,1
"Sudan","SDN",1965,NA,NA,-3.63816,0.455922,1.04861,7.17604,NA,0,0,0,1
"Sudan","SDN",1967,41.6,47.5,-3.81531,0.379839,1.2112,7.1787,-5.9,0,0,0,1
"Sudan","SDN",1968,18.1,41.6,-5.68849,0.379569,1.3068,7.12013,-23.5,0,0,0,1
"Sudan","SDN",1986,NA,NA,-2.79474,0.126303,1.40364,7.02272,NA,0,0,0,0
"Senegal","SEN",1988,73.2,NA,0.85514,0.709061,0.506739,7.10488,NA,0,0,0,1
"Senegal","SEN",1993,58.4,73.2,-1.11787,0.676013,0.808839,7.05659,-14.8,0,0,0,1
"Senegal","SEN",2000,41.3,58.4,4.06104,0.709525,0.664722,7.14489,-17.1,0,0,1,1
"Singapore","SGP",1972,70.4,NA,9.2691,1.33924,0,9.08045,NA,0,0,1,1
"Singapore","SGP",1976,74.1,70.4,5.5094,1.42993,0,9.31705,3.69999999999999,0,0,1,1
"Singapore","SGP",1984,64.8,NA,5.65887,1.77028,0.05095,9.83908,NA,0,0,1,1
"Singapore","SGP",1988,63.2,64.8,5.91438,2.44399,0.024693,9.92503,-1.59999999999999,0,0,1,1
"Singapore","SGP",1991,61,63.2,3.66996,2.51113,0.099601,10.1028,-2.2,0,0,1,1
"Singapore","SGP",1997,65,61,5.18514,3.21251,0.048476,10.3966,4,0,0,1,1
"Solomon Islands","SLB",1980,18,NA,-10.4545,1.0115,1.14422,7.46501,NA,0,0,0,1
"Solomon Islands","SLB",1984,23.4,15.7,2.32019,1.2055,1.29746,7.3878,7.7,0,0,1,1
"Solomon Islands","SLB",1989,18.1,21.4,-0.19962,1.31812,1.29746,7.3704,-3.3,0,0,0,1
"Solomon Islands","SLB",1993,23,NA,4.04646,1.11637,1.4061,7.47218,NA,0,0,1,1
"Solomon Islands","SLB",1997,25,23,-6.21403,1.3142,1.44692,7.39151,2,0,0,0,1
"Sierra Leone","SLE",1962,34.7,45.7,0.3246,2.01163,1.12177,6.07167,-11,0,0,0,1
"Sierra Leone","SLE",1967,37.1,34.7,5.00297,1.2444,0.858662,6.46089,2.4,0,0,1,1
"Sierra Leone","SLE",1996,5.3,NA,-6.65804,0.35304,1.53471,6.68486,NA,0,0,0,1
"El Salvador","SLV",1950,56.4,NA,-10.6715,1.60925,0.676896,7.65545,NA,0,0,0,1
"El Salvador","SLV",1967,54.4,NA,4.40068,0.384529,0.987401,8.30847,NA,0,0,1,1
"El Salvador","SLV",1972,NA,NA,1.49626,0.347546,0.965047,8.33047,NA,0,0,0,0
"El Salvador","SLV",1977,NA,NA,3.5283,0.371677,0.580074,8.47813,NA,0,0,1,1
"El Salvador","SLV",1982,40.2,NA,-6.15388,0.369499,1.15166,8.31079,NA,0,1,0,1
"El Salvador","SLV",1984,3.5,7.7,-1.94657,0.365536,1.15057,8.24801,-4.2,1,0,0,1
"El Salvador","SLV",1989,36.5,43.4,0.79585,0.302331,0.854415,8.2796,-6.9,0,0,0,0
"El Salvador","SLV",1994,49,53.8,5.9027,0.402841,1.09861,8.40806,-4.8,0,0,1,1
"El Salvador","SLV",1999,52,49,2.58331,0.563165,1.00796,8.55413,3,0,0,1,1
"Somalia","SOM",1964,56.1,67.4,1.71872,0.270937,0.999039,7.5438,-11.3,NA,NA,0,0
"Somalia","SOM",1969,59.3,56.1,-0.49044,0.202641,0.920283,7.45795,3.2,0,0,0,0
"Suriname","SUR",1977,45.4,50.3,6.3269,0.930389,0.676845,9.2724,-4.9,0,0,1,1
"Suriname","SUR",1991,21.7,9.3,-24.224,0.415738,0.837247,9.00336,12.4,0,0,0,1
"Suriname","SUR",1996,41.8,54.3,0.20555,1.56209,1.09192,8.81532,-12.5,0,0,0,1
"Suriname","SUR",2000,15,26.2,-25.4841,1.11486,0.824175,8.84761,-11.2,0,0,0,1
"Slovakia","SVK",1994,35,37.3,2.49261,0.93004,1.48467,9.18278,-2.3,0,0,1,1
"Slovakia","SVK",1998,27,35,4.40876,1.10272,1.56025,9.40638,-8,1,0,1,1
"Slovenia","SVN",1992,23.5,14.5,-6.02669,0.844763,1.88707,9.47559,9,0,0,0,1
"Slovenia","SVN",1996,27,23.5,3.32752,0.906104,1.71019,9.68131,3.5,0,0,1,1
"Slovenia","SVN",2000,8.8,19.4,4.13504,1.05015,1.51513,9.86174,-10.6,0,0,1,1
"Sweden","SWE",1948,46.1,46.6,1.89367,0.468538,1.11851,9.07278,-0.5,0,0,0,1
"Sweden","SWE",1952,46,46.1,2.45061,0.197969,1.1278,9.35766,-0.100000000000001,0,0,1,0
"Sweden","SWE",1956,44.6,46,2.38965,0.232523,1.15803,9.47023,-1.4,0,0,1,0
"Sweden","SWE",1958,46.2,44.6,1.23796,0.245902,1.15057,9.48254,1.6,0,0,0,0
"Sweden","SWE",1960,47.8,46.2,2.83449,0.270087,1.13783,9.5689,1.59999999999999,0,0,1,0
"Sweden","SWE",1964,47.3,47.8,5.5563,0.283909,1.17866,9.75391,-0.5,0,0,1,0
"Sweden","SWE",1968,50.1,47.3,3.02559,0.322414,1.05779,9.83739,2.8,0,0,1,0
"Sweden","SWE",1970,45.3,50.1,0.7231,0.373901,1.19695,9.88068,-4.8,0,0,0,1
"Sweden","SWE",1973,43.6,45.3,3.17761,0.406665,1.20932,9.92907,-1.7,0,0,1,1
"Sweden","SWE",1976,42.7,43.6,1.42753,0.406595,1.23547,9.99701,-0.899999999999999,0,0,0,1
"Sweden","SWE",1979,10.6,11.1,3.15524,0.432749,1.2499,10.0007,-0.5,0,0,1,1
"Sweden","SWE",1982,23.6,20.3,0.9265,0.446743,1.14065,10.0064,3.3,0,0,0,1
"Sweden","SWE",1985,44.7,45.6,2.62821,0.490833,1.22083,10.0684,-0.899999999999999,0,0,1,1
"Sweden","SWE",1988,43.2,44.7,2.30422,0.500031,1.29885,10.1635,-1.5,0,0,1,1
"Sweden","SWE",1991,37.7,43.2,-1.82842,0.510146,1.43508,10.1562,-5.5,0,0,0,1
"Sweden","SWE",1994,22.4,21.9,2.74291,0.612658,1.25562,10.1245,0.5,0,0,1,1
"Sweden","SWE",1998,36.4,45.3,3.91871,0.776805,1.45716,10.2256,-8.9,0,0,1,1
"Syria","SYR",1947,17.6,NA,-15.2243,0.129859,0.990971,7.77904,NA,0,0,0,0
"Syria","SYR",1949,55.3,24.3,NA,NA,0.919836,NA,31,0,0,NA,NA
"Syria","SYR",1954,21.1,55.3,11.9591,0.138452,1.23677,8.4727,-34.2,0,0,1,0
"Syria","SYR",1961,2.3,1.4,-1.46241,0.747824,1.17874,7.32597,0.9,0,0,0,1
"Chad","TCD",1996,43.8,NA,-9.41712,0.474714,1.47041,6.57762,NA,0,0,0,1
"Togo","TGO",1998,52.1,NA,-1.15656,0.661277,0.919813,6.73419,NA,0,0,0,1
"Thailand","THA",1957,53.7,NA,1.25987,0.488593,1.08388,6.62119,NA,0,0,0,1
"Thailand","THA",1969,34.7,NA,4.7888,0.601586,1.22159,7.23543,NA,0,1,1,1
"Thailand","THA",1975,NA,NA,2.92519,0.542366,2.02287,7.49533,NA,0,0,1,1
"Thailand","THA",1976,17.5,10.8,3.20372,0.499252,1.40364,7.52686,6.7,0,0,1,1
"Thailand","THA",1979,NA,NA,10.3523,0.526169,1.75325,7.77099,NA,0,0,1,1
"Thailand","THA",1983,NA,NA,4.92366,0.511096,1.69562,7.89593,NA,0,0,1,1
"Thailand","THA",1986,NA,NA,3.11469,0.54834,1.82132,8.03026,NA,0,0,1,1
"Thailand","THA",1988,NA,NA,8.21783,0.796017,2.04636,8.1645,NA,0,0,1,1
"Thailand","THA",1992,19.3,NA,7.53075,0.939812,1.79259,8.4571,NA,0,0,1,1
"Thailand","THA",1995,22.3,21,5.62477,1.17792,1.86098,8.70788,1.3,0,0,1,1
"Thailand","THA",1996,9.9,22.8,3.39976,1.09522,1.46326,8.74131,-12.9,0,0,1,1
"Tajikistan","TJK",1994,59.5,NA,-24.2063,1.06822,0.738565,7.21749,NA,0,0,0,1
"Trinidad and Tobago","TTO",1966,52.4,57,1.41603,0.478436,0.587787,9.16288,-4.6,0,0,0,1
"Trinidad and Tobago","TTO",1976,54.2,52.4,8.96216,0.557272,0.644944,9.61119,1.8,0,0,1,1
"Trinidad and Tobago","TTO",1981,52.9,54.2,-2.45169,0.526736,0.554999,9.83938,-1.3,0,0,0,1
"Trinidad and Tobago","TTO",1986,32,52.9,-11.8174,0.84781,0.165794,9.40826,-20.9,0,0,0,1
"Trinidad and Tobago","TTO",1991,24.6,66.3,2.40097,0.823753,0.747043,9.29577,-41.7,0,0,1,1
"Trinidad and Tobago","TTO",1995,48.8,45.1,5.07124,0.755112,0.800565,9.4048,3.7,0,0,1,1
"Trinidad and Tobago","TTO",2000,51.7,45.8,18.1429,0.931804,0.693147,9.66871,5.90000000000001,0,0,1,1
"Turkey","TUR",1946,54,NA,26.2031,0.111211,0.300164,7.59142,NA,0,0,1,0
"Turkey","TUR",1950,39.9,54,-7.23877,0.088819,0.325317,7.65141,-14.1,0,0,0,0
"Turkey","TUR",1954,57.6,53.3,9.92043,0.111653,0.171463,8.03084,4.3,0,0,1,0
"Turkey","TUR",1957,47.9,57.6,18.5688,0.056735,0.567187,8.11912,-9.7,0,0,1,0
"Turkey","TUR",1961,36.7,41.1,1.25499,0.110469,1.18479,8.07829,-4.4,0,0,0,0
"Turkey","TUR",1965,28.7,36.7,0.41808,0.099049,0.964029,8.18302,-8,0,0,0,0
"Turkey","TUR",1969,46.5,52.9,2.51438,0.083849,0.850365,8.35029,-6.4,0,0,1,0
"Turkey","TUR",1973,5.3,6.6,0.40432,0.121918,1.19997,8.46836,-1.3,0,0,0,0
"Turkey","TUR",1977,36.9,29.8,8.0957,0.1285,0.904218,8.58257,7.1,0,0,1,0
"Turkey","TUR",1983,23.3,NA,3.34593,0.179537,0.922881,8.60893,NA,0,0,1,0
"Turkey","TUR",1987,36.3,45.1,3.74022,0.203338,0.71784,8.72926,-8.8,0,0,1,0
"Turkey","TUR",1991,24,36.3,-0.06756,0.22215,1.27257,8.80141,-12.3,0,0,0,0
"Turkey","TUR",1995,19.2,27,4.5878,0.291706,1.48388,8.86654,-7.8,0,0,1,0
"Turkey","TUR",1999,22.2,14.6,0.82801,0.379457,1.58353,9.0022,7.6,0,0,0,1
"Taiwan","TWN",1996,54,NA,5.4628,0.928706,0.996949,9.82599,NA,0,0,1,1
"Taiwan","TWN",2000,23.1,54,4.94259,1.01545,1.06922,9.99285,-30.9,0,0,1,1
"Tanzania","TZA",1995,61.8,NA,-1.7787,0.316526,0.765924,6.50981,NA,0,0,0,0
"Tanzania","TZA",2000,71.8,61.8,2.06576,0.35445,0.599748,6.58567,10,0,0,1,1
"Uganda","UGA",1980,NA,NA,-4.4784,0.275926,0.66974,6.28378,NA,0,0,0,0
"Uganda","UGA",1996,74.2,NA,-2.54041,0.333897,0.498937,6.56045,NA,0,0,0,0
"Ukraine","UKR",1994,38.4,61.6,-18.4117,0.674121,1.29746,8.36227,-23.2,0,1,0,1
"Ukraine","UKR",1999,38,31.8,2.51136,0.861125,1.53687,8.1624,6.2,0,0,1,1
"Uruguay","URY",1946,47.8,57.2,8.475,0.14102,1.06126,8.6403,-9.40000000000001,0,0,1,0
"Uruguay","URY",1950,52.6,47.8,3.4414,0.26772,0.966984,8.42046,4.8,0,0,1,0
"Uruguay","URY",1954,NA,NA,9.75573,0.239044,0.951658,8.61389,NA,0,0,1,0
"Uruguay","URY",1958,NA,NA,-9.81487,0.15875,0.932164,8.50714,NA,0,0,0,0
"Uruguay","URY",1962,NA,NA,-2.42303,0.197785,0.875469,8.50069,NA,0,0,0,0
"Uruguay","URY",1966,40.3,46.5,3.07389,0.170902,0.891998,8.46805,-6.2,0,0,1,0
"Uruguay","URY",1971,41,49.3,0.92305,0.21406,1.0116,8.5413,-8.3,0,1,0,0
"Uruguay","URY",1984,41.2,NA,-3.77912,0.276711,1.08401,8.55716,NA,0,0,0,0
"Uruguay","URY",1989,30.3,41.2,-0.60288,0.318107,1.21788,8.73013,-10.9,0,0,0,0
"Uruguay","URY",1994,31.2,38.9,7.89455,0.42968,1.20597,9.00118,-7.7,0,0,1,1
"Uruguay","URY",1999,22.3,32.2,-3.17375,0.470339,1.22671,9.08691,-9.9,0,0,0,1
"United States of America","USA",1948,49.6,53.4,2.00955,0.075301,0.797507,9.43783,-3.8,1,0,1,0
"United States of America","USA",1952,44.4,49.6,3.47981,0.059681,0.691646,9.59108,-5.2,0,0,1,0
"United States of America","USA",1956,57.4,55.1,0.02376,0.069037,0.683097,9.62497,2.3,0,0,0,0
"United States of America","USA",1960,49.5,57.4,0.62474,0.076108,0.708036,9.64132,-7.9,0,0,0,0
"United States of America","USA",1964,61.1,49.7,4.23846,0.078903,0.652325,9.76422,11.4,0,0,1,0
"United States of America","USA",1968,42.7,61.1,4.08623,0.089906,0.943906,9.91885,-18.4,0,0,1,0
"United States of America","USA",1972,60.7,43.4,4.28271,0.102974,0.672944,9.98731,17.3,0,0,1,0
"United States of America","USA",1976,48,60.7,4.68679,0.110406,0.732368,10.0496,-12.7,0,0,1,0
"United States of America","USA",1980,41,50.1,-1.99657,0.122576,0.845868,10.126,-9.1,0,0,0,0
"United States of America","USA",1984,58.8,50.7,6.62418,0.129218,0.672944,10.2184,8.09999999999999,1,0,1,0
"United States of America","USA",1988,53.4,58.8,3.00495,0.149549,0.688135,10.3257,-5.4,0,0,1,0
"United States of America","USA",1992,37.4,53.4,2.13247,0.173268,1.00796,10.3593,-16,0,0,1,0
"United States of America","USA",1996,49.2,43,2.79128,0.20866,0.879627,10.4497,6.2,0,0,1,0
"United States of America","USA",2000,48.4,49.2,3.155,0.25264,0.765468,10.5877,-0.800000000000004,0,0,1,0
"Venezuela","VEN",1947,74.3,NA,15.9013,0.204696,0.506818,9.16405,NA,0,0,1,0
"Venezuela","VEN",1958,34.6,NA,-2.20305,0.545503,0.946688,8.91279,NA,0,1,0,1
"Venezuela","VEN",1963,32.8,49.2,2.76225,0.512652,1.51732,8.93855,-16.4,0,0,1,1
"Venezuela","VEN",1968,28.2,32.8,5.0186,0.498187,1.38128,9.05326,-4.6,0,0,1,1
"Venezuela","VEN",1973,36.7,29.1,6.42734,0.518258,0.97456,9.19831,7.6,0,0,1,1
"Venezuela","VEN",1978,43.3,48.7,-2.01097,0.469521,0.896088,9.33003,-5.40000000000001,0,0,0,1
"Venezuela","VEN",1983,33.5,46.6,-9.95849,0.367742,0.81093,9.02065,-13.1,0,0,0,1
"Venezuela","VEN",1988,52.9,58.4,4.14103,0.441825,0.81093,9.09304,-5.5,0,0,1,1
"Venezuela","VEN",1993,23.6,52.9,-1.88268,0.487374,1.39377,9.1058,-29.3,0,0,0,1
"Venezuela","VEN",1998,NA,NA,-0.42167,0.602492,0.741937,9.12546,NA,0,0,0,1
"Venezuela","VEN",2000,59.8,56.2,2.76508,0.596046,1.21788,9.06425,3.59999999999999,0,0,1,1
"Vanuatu","VUT",1983,55.1,62.3,22.4565,1.0423,0.741937,8.6057,-7.2,0,0,1,1
"Vanuatu","VUT",1987,47.3,55.1,-11.3863,0.966802,0.760806,8.48349,-7.8,0,0,0,1
"Vanuatu","VUT",1991,22.6,47.3,7.44525,0.960464,1.29473,8.54901,-24.7,0,0,1,1
"Vanuatu","VUT",1995,27.4,30.6,2.38657,0.895098,1.16938,8.6333,-3.2,0,0,1,1
"Vanuatu","VUT",1998,20.1,27.4,-5.57877,0.926376,1.45044,8.62362,-7.3,0,0,0,1
"Samoa","SAM",1979,24.3,NA,5.02019,0.83688,0.692697,8.39612,NA,0,0,1,1
"Samoa","SAM",1982,18.4,24.3,-10.0946,0.838919,0.692697,8.32727,-5.9,0,0,0,1
"Samoa","SAM",1985,34.5,29.3,2.31369,0.832267,0.570188,8.33597,5.2,0,0,1,1
"Samoa","SAM",1988,35.9,34.5,0.81691,0.944654,0.692697,8.43444,1.4,0,0,0,1
"Samoa","SAM",1991,49.6,35.9,-5.07003,0.833212,0.813762,8.4259,13.7,0,0,0,1
"Samoa","SAM",1996,43.5,49.6,4.49059,0.827776,1.0186,8.42908,-6.1,0,0,1,1
"Yemen","YYY",1993,28.7,NA,4.2366,0.378906,1.31397,7.28594,NA,0,0,1,1
"Yugoslavia","FFF",1992,48.9,NA,-14.5784,0.2643,0.976799,8.81983,NA,0,0,0,0
"Yugoslavia","FFF",1996,45,33.3,9.48987,0.4601,1.27603,8.61049,11.7,0,0,1,1
"Yugoslavia","FFF",2000,38.2,45.3,4.32965,0.2584,0.872673,8.77183,-7.09999999999999,1,0,1,0
"South Africa","ZAF",1948,49.2,49.7,-0.171,0.790895,0.889758,8.08332,-0.5,0,0,0,1
"South Africa","ZAF",1953,49.5,37.7,-3.10119,0.521835,0.697926,8.07917,11.8,0,0,0,1
"South Africa","ZAF",1958,55.6,49.5,2.42447,0.573573,0.595358,8.24117,6.1,0,0,1,1
"South Africa","ZAF",1961,46.1,55.6,3.72639,0.542974,0.594613,8.31501,-9.5,0,0,1,1
"South Africa","ZAF",1966,58.3,46.1,1.8966,0.60812,0.459865,8.43229,12.2,0,0,0,1
"South Africa","ZAF",1970,54.9,58.3,1.88405,0.565248,0.537878,8.5246,-3.4,0,0,0,1
"South Africa","ZAF",1974,56.1,54.9,1.82611,0.532754,0.579206,8.59591,1.2,0,0,0,1
"South Africa","ZAF",1977,65.3,56.1,0.74727,0.454317,0.382128,8.61645,9.2,0,0,0,1
"South Africa","ZAF",1981,58.6,65.3,7.51229,0.429121,0.419276,8.70235,-6.7,0,0,1,1
"South Africa","ZAF",1984,NA,NA,2.54585,0.338665,NA,8.684,NA,0,0,1,0
"South Africa","ZAF",1987,52.7,58.6,-4.62473,0.365833,0.545134,8.56879,-5.9,0,0,0,1
"South Africa","ZAF",1989,48.2,52.7,1.23624,0.39312,0.878581,8.61175,-4.5,0,0,0,1
"South Africa","ZAF",1994,20.4,48.2,0.30922,0.432634,0.795234,8.54164,-27.8,0,0,0,1
"South Africa","ZAF",1999,66.3,62.6,0.15828,0.532081,0.765468,8.62642,3.7,0,0,0,1
"Democratic Republic of Congo","ZAR",1960,NA,NA,-5.211,0.067255,2.0811,6.54439,NA,1,0,0,0
"Zambia","ZMB",1996,72.6,NA,-1.92128,0.170148,0.593327,6.85217,NA,0,0,0,0
"Zimbabwe","ZWE",1980,NA,NA,5.07978,0.193659,0.901896,6.05172,NA,0,0,1,0
"South Vietnam","RVN",1967,34.8,NA,-0.558,0.903983,1.68492,5.56773,NA,0,0,0,1
"South Vietnam","RVN",1961,NA,NA,-2.755,NA,NA,6.79132,NA,0,1,0,NA
"South Vietnam","RVN",1971,NA,NA,-0.147,0.765627,NA,5.35878,NA,0,1,0,1
"Bolivia","BOL",1964,NA,NA,5.51404,0.499521,NA,7.93823,NA,0,1,1,1
"Chile","CHL",1988,44,NA,5.87919,0.436466,0.67885,8.5052,NA,1,0,1,1
"Serbia","SRB",1992,53.2,NA,-27.7655,0.467867,0.946478,8.82491,NA,1,0,0,1
"Serbia","SRB",1997,43.7,53.2,7.43838,0.436032,1.13976,8.66132,-9.5,0,0,1,1
"Argentina","ARG",1974,61.8,49.5,1.4144,0.135401,0.783947,8.9789,12.3,0,0,0,0
"Denmark","DNK",1954,23.1,22.1,5.8291,0.221595,1.34487,9.13471,1,0,0,1,0
"Fiji","FJI",1978,52.2,46,4.0956,0.825932,0.623154,8.07994,6.2,0,0,1,1
"France","FRA",1947,26.3,28.1,16,0.478961,1.46229,8.58288,-1.8,0,0,1,1
"Greece","GRC",1988,45.2,47.3,3.28633,0.356587,0.843144,9.77082,-2.09999999999999,0,0,1,1
"Ireland","IRL",1983,46.2,44.3,-1.71689,0.525401,0.93723,9.60346,1.90000000000001,0,0,0,1
"Sri Lanka","LKA",1961,37.6,29.5,3.74373,1.66391,1.18161,6.40909,8.1,0,1,1,1
"Thailand","THA",1958,NA,NA,10.5296,0.47073,1.29411,6.7213,NA,0,0,1,1
"Thailand","THA",1993,NA,NA,7.22546,0.960708,1.80993,8.52686,NA,0,0,1,1
"United Kingdom","GBR",1975,39.3,37.2,-0.96223,0.298727,0.81272,9.64663,2.09999999999999,0,0,0,0
"Yugoslavia","FFF",1993,33.3,48.9,-14.578,0.2643,1.52751,8.60936,-15.6,0,0,0,0
"St Lucia","LCA",1988,53.2,52.5,14.5989,1.19713,0.689691,8.86474,0.700000000000003,0,0,1,1
